title,genres,original_language,release_date,popularity,budget,revenue,runtime,vote_average,vote_count,status,release_year
The Big Parade,Drama|Romance|War,en,1925-11-05,0.785744,245000,22000000,151.0,7.0,21,Released,1925.0
Top Hat,Comedy|Music|Romance,en,1935-09-06,3.898498,609000,3202000,101.0,7.4,59,Released,1935.0
Alexander's Ragtime Band,Drama|Music|Romance,en,1938-05-24,0.483974,2000000,4000000,106.0,4.8,6,Released,1938.0
Gone with the Wind,Drama|Romance|War,en,1939-12-15,48.98255,4000000,400176459,,7.7,970,Released,1939.0
Fantasia,Animation|Family|Music,en,1940-11-13,32.875469,2280000,83320000,124.0,7.2,808,Released,1940.0
Rebecca,Drama|Mystery,en,1940-04-12,18.426825,1288000,6000000,130.0,7.7,336,Released,1940.0
A Guy Named Joe,Drama|Romance|War,en,1944-03-01,0.531444,2627000,5363000,120.0,6.0,8,Released,1944.0
Bathing Beauty,,en,1944-07-01,0.628051,2361000,6892000,101.0,7.0,4,Released,1944.0
Deadline - U.S.A.,Crime|Drama,en,1952-03-14,0.225627,0,0,87.0,6.9,17,Released,1952.0
"The Beast from 20,000 Fathoms",Adventure|Horror|Science Fiction,en,1953-06-13,2.043661,210000,5000000,80.0,6.7,41,Released,1953.0
The Robe,Drama,en,1953-09-16,4.028875,4100000,36000000,135.0,6.4,42,Released,1953.0
Seven Samurai,Action|Drama,ja,1954-04-26,39.756748,2000000,271841,207.0,8.2,878,Released,1954.0
12 Angry Men,Drama,en,1957-03-25,59.259204,350000,1000000,96.0,8.2,2078,Released,1957.0
Cat on a Hot Tin Roof,Drama|Romance,en,1958-02-17,16.553594,3000000,17570324,108.0,7.6,165,Released,1958.0
Some Like It Hot,Comedy|Romance,en,1959-03-18,39.30982,2883848,25000000,122.0,8.0,808,Released,1959.0
Elmer Gantry,Drama,en,1960-06-19,6.734965,3000000,10400000,146.0,7.3,41,Released,1960.0
Pocketful of Miracles,Comedy|Drama,en,1961-12-18,3.370225,2900000,5000000,136.0,7.3,25,Released,1961.0
The Man Who Shot Liberty Valance,Western,en,1962-04-22,11.735287,3200000,8000000,123.0,7.4,265,Released,1962.0
Goldfinger,Adventure|Action|Thriller,en,1964-09-17,47.812466,2500000,124881062,110.0,7.2,987,Released,1964.0
The Fall of the Roman Empire,Drama|History,en,1964-03-24,4.229942,19000000,4750000,188.0,6.0,33,Released,1964.0
A Charlie Brown Christmas,Animation|Family|Comedy|TV Movie,en,1965-12-09,8.701183,0,0,25.0,7.5,153,Released,1965.0
The Party's Over,Drama,en,1965-04-22,0.118324,0,0,94.0,6.1,6,Released,1965.0
You Only Live Twice,Action|Thriller|Adventure,en,1967-06-12,28.675891,9500000,111584787,117.0,6.5,531,Released,1967.0
Barbarella,Science Fiction,en,1968-10-10,14.171759,9000000,2500000,98.0,5.7,146,Released,1968.0
Hang 'em High,Western,en,1968-07-31,11.756943,1800000,6800000,114.0,6.7,192,Released,1968.0
Night of the Living Dead,Horror,en,1968-10-01,25.666029,114000,30000000,96.0,7.5,580,Released,1968.0
Oliver!,Drama|Family|Music,en,1968-09-26,8.305998,10000000,37402877,153.0,7.0,103,Released,1968.0
Once Upon a Time in the West,Western,it,1968-12-21,49.333137,5000000,5321508,175.0,8.1,1128,Released,1968.0
Butch Cassidy and the Sundance Kid,History|Drama|Western|Crime,en,1969-09-23,24.499996,6000000,102308889,110.0,7.4,650,Released,1969.0
Mississippi Mermaid,Crime|Drama|Romance,fr,1969-06-18,3.654018,0,0,123.0,6.7,32,Released,1969.0
Paint Your Wagon,Drama|Action|Comedy|Western|Music,en,1969-10-15,7.902536,20000000,31678778,158.0,6.2,63,Released,1969.0
The Conformist,Drama,it,1970-10-21,8.429295,750000,0,107.0,7.6,127,Released,1970.0
The Molly Maguires,Drama|History,en,1970-01-27,1.396985,11000000,2200000,124.0,5.9,16,Released,1970.0
Frenzy,Crime|Drama|Mystery|Thriller,en,1972-05-25,10.219942,3500000,12600000,116.0,7.1,158,Released,1972.0
Silent Running,Adventure|Drama|Science Fiction,en,1972-03-09,11.095414,1000000,0,89.0,6.3,177,Released,1972.0
Solaris,Drama|Science Fiction|Adventure|Mystery,ru,1972-03-20,24.132271,0,0,167.0,7.7,357,Released,1972.0
Live and Let Die,Adventure|Action|Thriller,en,1973-07-05,30.465138,7000000,161777836,121.0,6.4,533,Released,1973.0
The Front Page,Romance|Drama|Comedy,en,1974-12-01,4.117968,4000000,0,105.0,6.9,68,Released,1974.0
The Godfather: Part II,Drama|Crime,en,1974-12-20,105.792936,13000000,47542841,200.0,8.3,3338,Released,1974.0
The Man with the Golden Gun,Adventure|Action|Thriller,en,1974-12-01,30.214716,7000000,97572000,125.0,6.3,524,Released,1974.0
Young Frankenstein,Comedy|Science Fiction,en,1974-12-15,36.444894,2800000,86273333,106.0,7.7,854,Released,1974.0
The Bad News Bears,Comedy|Family,en,1976-04-07,6.889633,35000000,35323292,102.0,6.9,97,Released,1976.0
Annie Hall,Comedy|Drama|Romance,en,1977-04-19,35.892034,4000000,38251425,93.0,7.8,1010,Released,1977.0
The Kentucky Fried Movie,Comedy,en,1977-08-10,10.861167,600000,0,83.0,6.4,66,Released,1977.0
Caravans,Action|Adventure|Drama|Romance,en,1978-11-02,0.633004,0,0,127.0,5.8,1,Released,1978.0
Jaws 2,Horror|Thriller,en,1978-06-16,19.636044,20000000,187884007,116.0,5.9,406,Released,1978.0
Alien,Horror|Action|Thriller|Science Fiction,en,1979-05-25,94.184658,11000000,104931801,117.0,7.9,4470,Released,1979.0
Heaven's Gate,Action|Drama|History|Western,en,1980-11-19,5.380124,44000000,3484331,219.0,6.4,55,Released,1980.0
Private Benjamin,Comedy,en,1980-10-06,12.18838,0,0,109.0,6.0,102,Released,1980.0
Raging Bull,Drama,en,1980-11-14,35.524457,18000000,23000000,129.0,7.7,938,Released,1980.0
Raise the Titanic,Action|Drama|Thriller,en,1980-01-01,1.630541,0,0,115.0,5.2,21,Released,1980.0
The Elephant Man,Drama|History,en,1980-10-02,30.271066,5000000,26010864,124.0,7.9,719,Released,1980.0
The Empire Strikes Back,Adventure|Action|Science Fiction,en,1980-05-17,78.51783,18000000,538400000,124.0,8.2,5879,Released,1980.0
The Shining,Horror|Thriller,en,1980-05-22,78.699993,19000000,44017374,144.0,8.1,3757,Released,1980.0
Blow Out,Drama|Mystery|Thriller,en,1981-07-24,13.628601,18000000,12000000,108.0,7.3,236,Released,1981.0
Dragonslayer,Fantasy,en,1981-06-26,3.258422,18000000,14110013,108.0,6.5,67,Released,1981.0
Escape from New York,Science Fiction|Action,en,1981-05-22,24.351305,6000000,50244700,99.0,6.9,703,Released,1981.0
Friday the 13th Part 2,Horror|Thriller,en,1981-05-01,16.517777,1250000,21722776,87.0,6.0,315,Released,1981.0
Heartbeeps,Comedy|Romance|Family,en,1981-12-18,0.518056,10000000,2154696,79.0,3.8,6,Released,1981.0
Inchon,Drama|History|War,en,1981-05-04,0.146783,46000000,5200000,140.0,6.5,2,Released,1981.0
Porky's,Comedy,en,1981-11-13,12.891276,4000000,125728258,94.0,6.1,183,Released,1981.0
The Evil Dead,Horror,en,1981-10-15,35.037625,350000,29400000,85.0,7.3,894,Released,1981.0
The Howling,Drama|Horror,en,1981-04-03,6.532855,1000000,17985893,91.0,6.4,161,Released,1981.0
The Legend of the Lone Ranger,Action|Adventure|Romance|Western,en,1981-08-20,11.725805,18000000,2945600,98.0,3.7,14,Released,1981.0
The Postman Always Rings Twice,Romance|Crime|Drama,en,1981-03-20,6.803763,12000000,0,122.0,6.4,110,Released,1981.0
Time Bandits,Family|Fantasy|Science Fiction|Adventure|Comedy,en,1981-07-13,14.779537,5000000,42365581,116.0,6.6,249,Released,1981.0
E.T. the Extra-Terrestrial,Science Fiction|Adventure|Family|Fantasy,en,1982-04-03,56.105798,10500000,792910554,115.0,7.3,3269,Released,1982.0
Halloween III: Season of the Witch,Horror|Mystery|Science Fiction,en,1982-10-22,12.030456,2500000,14400000,98.0,5.0,229,Released,1982.0
The Beastmaster,Action|Fantasy,en,1982-08-20,6.377523,0,14056528,118.0,6.0,97,Released,1982.0
The Man from Snowy River,Family|Drama|Action|Western|Romance,en,1982-03-02,3.656491,3500000,20659423,104.0,6.8,37,Released,1982.0
Krull,Fantasy|Action|Adventure,en,1983-07-29,9.904881,27000000,16519460,117.0,5.8,129,Released,1983.0
Losin' It,Comedy,en,1983-04-08,2.550045,7000000,1246141,100.0,4.5,31,Released,1983.0
Return of the Jedi,Adventure|Action|Science Fiction,en,1983-05-23,46.509071,32350000,572700000,135.0,7.9,4665,Released,1983.0
Superman III,Comedy|Action|Adventure|Fantasy|Science Fiction,en,1983-06-17,22.164202,39000000,75850624,125.0,5.3,490,Released,1983.0
Twilight Zone: The Movie,Drama|Fantasy|Horror|Science Fiction|Thriller,en,1983-06-24,12.902975,10000000,29450919,101.0,6.2,161,Released,1983.0
A Passage to India,Drama|Adventure|History,en,1984-12-14,9.548391,8000000,27187653,163.0,6.9,67,Released,1984.0
Body Double,Crime|Mystery|Horror|Thriller,en,1984-10-25,9.525626,10000000,8801940,114.0,6.4,137,Released,1984.0
Conan the Destroyer,Adventure|Fantasy|Action,en,1984-06-29,18.379124,18000000,100000000,103.0,5.8,383,Released,1984.0
Gremlins,Fantasy|Horror|Comedy,en,1984-06-07,45.072136,11000000,153083102,106.0,6.9,1596,Released,1984.0
Red Dawn,Action|Thriller,en,1984-08-10,11.743085,4200000,38376497,114.0,6.4,215,Released,1984.0
The Hotel New Hampshire,Comedy|Drama,en,1984-03-09,2.226412,7500000,0,109.0,5.8,26,Released,1984.0
The Terminator,Action|Thriller|Science Fiction,en,1984-10-26,74.234793,6400000,78371200,108.0,7.3,4128,Released,1984.0
The Toxic Avenger,Science Fiction|Action|Comedy|Horror,en,1984-05-01,6.672008,0,0,82.0,6.3,113,Released,1984.0
Invasion U.S.A.,Action|Thriller,en,1985-09-27,4.192064,0,0,107.0,5.3,49,Released,1985.0
Krush Groove,Drama|Music|Romance,en,1985-10-25,0.720091,3000000,0,97.0,7.0,11,Released,1985.0
Lifeforce,Fantasy|Horror|Science Fiction|Thriller,en,1985-06-20,12.18362,25000000,0,116.0,6.2,135,Released,1985.0
Mad Max Beyond Thunderdome,Action|Adventure|Science Fiction,en,1985-06-29,36.582038,12305523,36230219,107.0,5.9,748,Released,1985.0
Pale Rider,Romance|Western,en,1985-06-28,14.574995,0,41410568,115.0,7.0,251,Released,1985.0
Red Sonja,Adventure|Fantasy|Action,en,1985-04-09,12.752463,17900000,6948633,89.0,5.0,206,Released,1985.0
Silverado,Action|Crime|Drama|Western,en,1985-07-10,10.981038,26000000,0,127.0,7.1,146,Released,1985.0
The Color Purple,Drama,en,1985-12-18,17.571533,15000000,146292009,154.0,7.7,338,Released,1985.0
Crocodile Dundee,Adventure|Comedy,en,1986-09-26,16.072466,5000000,328203506,97.0,6.3,503,Released,1986.0
Highlander,Adventure|Action|Fantasy,en,1986-03-07,29.253833,16000000,5900000,116.0,6.8,624,Released,1986.0
Salvador,Drama,en,1986-04-23,3.819796,4500000,0,123.0,7.0,71,Released,1986.0
Star Trek IV: The Voyage Home,Science Fiction|Adventure,en,1986-11-25,22.258428,24000000,133000000,119.0,6.9,477,Released,1986.0
The Wraith,Romance|Science Fiction|Horror|Action|Crime,en,1986-11-21,10.47644,2700000,3500000,93.0,5.9,108,Released,1986.0
Top Gun,Action|Romance|War,en,1986-05-16,58.900647,15000000,356830601,110.0,6.7,1698,Released,1986.0
A Nightmare on Elm Street 3: Dream Warriors,Horror|Thriller,en,1987-02-27,17.304055,5000000,44793222,96.0,6.5,354,Released,1987.0
Hollywood Shuffle,Comedy,en,1987-03-20,2.353483,0,0,78.0,5.7,19,Released,1987.0
Ishtar,Action|Adventure|Comedy,en,1987-05-15,2.410546,55000000,14375181,107.0,4.2,28,Released,1987.0
Teen Wolf Too,Comedy|Fantasy|Family,en,1987-11-20,4.103764,0,0,95.0,3.8,46,Released,1987.0
Big,Fantasy|Drama|Comedy|Romance|Family,en,1988-06-03,20.716023,18000000,151668774,104.0,6.9,993,Released,1988.0
Bloodsport,Action,en,1988-02-26,17.49699,1500000,11806119,92.0,6.6,363,Released,1988.0
"Bright Lights, Big City",Drama,en,1988-04-01,2.753501,0,0,107.0,4.7,28,Released,1988.0
Iguana,,en,1988-04-01,0.214704,0,0,88.0,6.0,1,Released,1988.0
Poltergeist III,Horror|Thriller,en,1988-06-10,11.225044,10500000,14144000,98.0,4.5,123,Released,1988.0
Rambo III,Action|Adventure|Thriller|War,en,1988-05-24,31.294717,63000000,189015611,102.0,5.7,690,Released,1988.0
Black Rain,Action|Thriller|Crime,en,1989-09-22,11.19602,30000000,45892212,125.0,6.2,243,Released,1989.0
Born on the Fourth of July,Drama|War,en,1989-12-20,25.949277,14000000,161001698,145.0,6.7,395,Released,1989.0
New York Stories,Comedy|Drama|Romance,en,1989-03-10,6.684096,15000000,0,124.0,6.2,64,Released,1989.0
Roger & Me,Documentary|History,en,1989-09-01,3.284903,160000,6706368,91.0,7.4,90,Released,1989.0
Tango & Cash,Action|Adventure|Comedy,en,1989-12-22,22.787667,55000000,63408614,104.0,6.1,458,Released,1989.0
The Toxic Avenger Part II,Comedy|Horror|Action,en,1989-02-24,1.791331,0,0,96.0,5.3,39,Released,1989.0
Troop Beverly Hills,Adventure|Comedy|Family,en,1989-03-22,3.455018,0,0,105.0,5.6,56,Released,1989.0
UHF,Comedy,en,1989-07-21,4.070044,5000000,0,97.0,6.7,89,Released,1989.0
Arachnophobia,Comedy|Horror,en,1990-08-09,15.895661,31000000,53208180,103.0,6.2,433,Released,1990.0
Dances with Wolves,Adventure|Drama|Western,en,1990-11-09,45.707835,22000000,424208848,181.0,7.6,1046,Released,1990.0
Ghost,Fantasy|Drama|Thriller|Mystery|Romance,en,1990-07-12,41.967005,22000000,505000000,127.0,6.9,1339,Released,1990.0
Pretty Woman,Romance|Comedy,en,1990-03-23,45.473484,14000000,463000000,119.0,7.0,1746,Released,1990.0
Double Impact,Thriller|Action|Crime|Drama,en,1991-08-10,10.484642,15000000,30102717,110.0,5.3,215,Released,1991.0
Freddy's Dead: The Final Nightmare,Horror|Thriller|Comedy,en,1991-09-05,16.856231,11000000,34872033,89.0,5.1,272,Released,1991.0
My Own Private Idaho,Drama|Romance,en,1991-10-17,10.363642,2500000,0,104.0,7.1,212,Released,1991.0
Terminator 2: Judgment Day,Action|Thriller|Science Fiction,en,1991-07-01,101.74155,100000000,520000000,137.0,7.7,4185,Released,1991.0
The Doors,Drama|Music,en,1991-03-01,10.794175,38000000,34416893,140.0,6.7,275,Released,1991.0
A League of Their Own,Comedy,en,1992-07-01,21.661028,40000000,107458785,128.0,6.7,354,Released,1992.0
Alien³,Science Fiction|Action|Horror,en,1992-05-22,45.856409,50000000,159773545,114.0,6.2,1633,Released,1992.0
Hoffa,Crime|History,en,1992-12-25,5.926966,35000000,0,140.0,6.1,81,Released,1992.0
Lethal Weapon 3,Adventure|Action|Comedy|Thriller|Crime,en,1992-05-15,36.172182,35000000,321731527,118.0,6.4,811,Released,1992.0
My Cousin Vinny,Comedy|Drama,en,1992-03-13,19.231507,11000000,64088552,120.0,7.3,384,Released,1992.0
The Bodyguard,Thriller|Action|Drama|Music|Romance,en,1992-11-25,26.576385,25000000,411006740,129.0,6.1,661,Released,1992.0
The Crying Game,Romance|Crime|Drama|Thriller,en,1992-09-02,8.839651,3705538,62548947,112.0,6.9,176,Released,1992.0
The Last of the Mohicans,Action|Adventure|Drama|History|Romance|War,en,1992-09-25,37.776566,40000000,75505856,112.0,7.1,732,Released,1992.0
Unforgiven,Western,en,1992-08-07,37.380435,14000000,159157447,131.0,7.7,1113,Released,1992.0
Alive,Action|Adventure|Drama|Thriller,en,1993-01-15,14.48851,32000000,36733909,120.0,6.7,374,Released,1993.0
Cool Runnings,Comedy,en,1993-09-30,22.409117,14000000,154864401,98.0,6.8,491,Released,1993.0
Dazed and Confused,Comedy|Drama,en,1993-09-24,26.181753,6900000,7993039,102.0,7.4,583,Released,1993.0
Killing Zoe,Action|Crime|Drama|Thriller,en,1993-10-01,5.817519,1500000,418961,96.0,6.1,111,Released,1993.0
Madadayo,Drama,ja,1993-04-17,2.930853,0,0,134.0,7.5,20,Released,1993.0
Philadelphia,Drama,en,1993-12-22,44.301745,26000000,206678440,125.0,7.6,988,Released,1993.0
Return of the Living Dead 3,Comedy|Science Fiction|Romance|Horror,en,1993-10-01,7.502934,2000000,54207,97.0,5.9,88,Released,1993.0
Teenage Mutant Ninja Turtles III,Action|Adventure|Comedy|Family|Fantasy|Science Fiction,en,1993-03-17,10.207065,21000000,42000000,96.0,5.1,184,Released,1993.0
The Firm,Drama|Mystery|Thriller,en,1993-06-30,23.736535,42000000,270248367,154.0,6.6,501,Released,1993.0
The Fugitive,Adventure|Action|Thriller|Crime|Mystery,en,1993-08-06,54.884297,44000000,368875760,130.0,7.2,1220,Released,1993.0
Clear and Present Danger,Action|Drama|Thriller,en,1994-08-03,18.832471,62000000,215887717,141.0,6.4,386,Released,1994.0
Crooklyn,Comedy|Drama,en,1994-05-13,1.89218,0,0,115.0,6.7,31,Released,1994.0
Dumb and Dumber,Comedy,en,1994-12-16,35.777067,16000000,247275374,107.0,6.5,1859,Released,1994.0
Highlander: The Final Dimension,Action|Fantasy|Science Fiction,en,1994-11-29,7.964451,26000000,36800000,99.0,4.5,110,Released,1994.0
Little Women,Drama|Romance,en,1994-12-21,16.418639,18000000,0,115.0,7.0,215,Released,1994.0
Rapa Nui,Adventure,en,1994-09-09,3.581906,20000000,305070,107.0,6.2,33,Released,1994.0
Sugar Hill,Drama|Action|Thriller,en,1994-02-25,2.580808,0,0,123.0,5.2,13,Released,1994.0
The Legend of Drunken Master,Action|Comedy,cn,1994-02-03,15.046612,0,0,102.0,7.2,242,Released,1994.0
The Lion King,Family|Animation|Drama,en,1994-06-23,90.457886,45000000,788241776,89.0,8.0,5376,Released,1994.0
The Naked Gun 33⅓: The Final Insult,Comedy|Crime,en,1994-03-18,28.624038,30000000,51132598,83.0,6.3,521,Released,1994.0
Wolf,Fantasy,en,1994-06-17,13.758526,0,0,125.0,6.0,216,Released,1994.0
Wyatt Earp,Drama|Action|Western,en,1994-06-24,13.859307,63000000,25052000,191.0,6.5,202,Released,1994.0
Assassins,Action|Adventure|Crime|Thriller,en,1995-10-06,23.073933,50000000,30303072,132.0,6.0,387,Released,1995.0
First Knight,Action|Adventure|Drama|Romance,en,1995-07-07,19.143321,55000000,127600435,134.0,5.9,311,Released,1995.0
Halloween: The Curse of Michael Myers,Horror|Thriller,en,1995-09-29,9.483717,5000000,15116634,88.0,5.0,170,Released,1995.0
Home for the Holidays,Comedy|Drama|Romance,en,1995-11-02,4.031585,0,17519169,103.0,6.3,39,Released,1995.0
Mortal Kombat,Action|Fantasy,en,1995-08-18,16.470895,18000000,122195920,101.0,5.4,442,Released,1995.0
Nixon,History|Drama,en,1995-12-22,3.770161,44000000,13681765,192.0,7.1,71,Released,1995.0
Pocahontas,Adventure|Animation|Drama|Family,en,1995-06-14,47.845589,55000000,346079773,81.0,6.7,1457,Released,1995.0
Rumble in the Bronx,Crime|Action|Comedy|Thriller,cn,1995-01-30,17.318839,7500000,32392047,91.0,6.5,240,Released,1995.0
The Indian in the Cupboard,Adventure|Family|Fantasy,en,1995-07-14,11.095914,45000000,0,96.0,5.9,134,Released,1995.0
Welcome to the Dollhouse,Comedy|Drama,en,1995-05-24,5.870319,0,0,88.0,6.9,103,Released,1995.0
Bottle Rocket,Comedy|Crime|Drama,en,1996-02-21,11.700578,7000000,560069,91.0,6.8,281,Released,1996.0
Daylight,Action|Adventure|Thriller,en,1996-12-06,16.681269,80000000,159212469,115.0,5.8,378,Released,1996.0
DragonHeart,Fantasy,en,1996-05-31,31.791979,57000000,115267375,103.0,6.4,535,Released,1996.0
Faithful,Comedy|Crime|Drama,en,1996-04-03,1.647335,13000000,9789900,91.0,4.8,4,Released,1996.0
Fled,Action|Comedy|Thriller,en,1996-07-19,2.77255,25000000,17193231,98.0,5.2,47,Released,1996.0
Freeway,Comedy|Drama|Thriller,en,1996-08-23,4.682881,3000000,0,110.0,6.5,95,Released,1996.0
Get on the Bus,Drama,en,1996-10-16,4.623059,2400000,5731103,120.0,7.0,11,Released,1996.0
Happy Gilmore,Comedy,en,1996-02-16,26.598884,12000000,41205099,92.0,6.5,755,Released,1996.0
Kansas City,Thriller|Drama|Music|Crime,en,1996-08-16,5.380733,18000000,0,116.0,6.1,12,Released,1996.0
Lone Star,Drama|Mystery|Romance,en,1996-06-21,5.960149,5000000,13269963,135.0,6.9,77,Released,1996.0
Mary Reilly,Drama|Horror|Thriller|Romance,en,1996-02-23,6.067212,47000000,12379402,104.0,5.7,74,Released,1996.0
Maximum Risk,Action|Adventure|Thriller,en,1996-09-13,10.115011,25000000,51702483,100.0,5.2,101,Released,1996.0
Multiplicity,Comedy|Fantasy|Science Fiction,en,1996-07-19,11.120344,45000000,0,117.0,5.5,154,Released,1996.0
Set It Off,Drama|Action|Crime,en,1996-11-06,6.717994,9000000,41590886,118.0,6.9,66,Released,1996.0
Sling Blade,Drama,en,1996-08-30,14.805264,1000000,24475416,135.0,7.4,231,Released,1996.0
Swingers,Comedy|Romance,en,1996-10-18,13.971674,200000,4505922,94.0,6.8,253,Released,1996.0
That Thing You Do!,Comedy|Drama,en,1996-10-04,14.885388,0,34585416,108.0,6.8,225,Released,1996.0
The Adventures of Pinocchio,Animation|Family|Fantasy,en,1996-07-26,6.718497,0,0,90.0,5.0,54,Released,1996.0
The First Wives Club,Comedy,en,1996-09-20,10.704596,26000000,116400000,102.0,6.5,166,Released,1996.0
The Funeral,Crime|Drama,en,1996-01-26,2.950618,12500000,1227324,99.0,7.3,31,Released,1996.0
The Pallbearer,Comedy|Romance,en,1996-05-03,2.149469,8000000,0,97.0,4.6,30,Released,1996.0
Walking and Talking,Comedy|Drama|Romance,en,1996-07-17,0.367312,0,0,86.0,6.6,7,Released,1996.0
A Simple Wish,Adventure|Comedy|Family|Fantasy,en,1997-07-11,1.767479,28000000,8345056,86.0,5.5,46,Released,1997.0
Absolute Power,Crime|Drama|Thriller,en,1997-02-14,13.576765,50000000,50068310,121.0,6.4,223,Released,1997.0
Air Force One,Action|Thriller,en,1997-07-25,36.38795,85000000,315156409,124.0,6.2,840,Released,1997.0
Amistad,Drama|History|Mystery,en,1997-12-03,3.698276,36000000,74000000,155.0,6.8,316,Released,1997.0
Cats Don't Dance,Animation|Comedy|Family|Music,en,1997-03-26,4.098444,32000000,3566637,75.0,7.1,24,Released,1997.0
Critical Care,Comedy|Drama,en,1997-10-31,2.678715,0,0,107.0,6.1,9,Released,1997.0
Dante's Peak,Action|Adventure|Thriller,en,1997-02-07,16.90444,116000000,178127760,108.0,5.7,428,Released,1997.0
Donnie Brasco,Crime|Drama|Thriller,en,1997-02-27,40.370442,35000000,41954997,127.0,7.4,1147,Released,1997.0
Flubber,Comedy|Family|Science Fiction,en,1997-11-26,11.50396,80000000,177977226,93.0,5.3,695,Released,1997.0
Gattaca,Thriller|Science Fiction|Mystery|Romance,en,1997-09-07,70.398356,36000000,12532777,106.0,7.5,1808,Released,1997.0
In & Out,Comedy|Romance,en,1997-09-10,11.897925,35000000,0,90.0,6.3,177,Released,1997.0
In the Company of Men,Comedy|Drama,en,1997-01-19,2.634007,0,0,97.0,6.8,44,Released,1997.0
Jackie Brown,Comedy|Crime|Romance,en,1997-12-24,40.631671,12000000,39673162,154.0,7.3,1514,Released,1997.0
Kundun,Drama,en,1997-12-25,7.039189,28000000,5684789,134.0,6.8,91,Released,1997.0
Love Jones,Comedy|Drama|Romance,en,1997-03-14,1.000178,10000000,0,104.0,8.1,12,Released,1997.0
Love and Death on Long Island,Drama|Romance|Foreign,en,1997-01-01,0.933891,0,0,93.0,6.9,11,Released,1997.0
Mr. Nice Guy,Crime|Action|Comedy,cn,1997-01-31,7.077505,12716953,18814720,113.0,6.3,128,Released,1997.0
Nothing to Lose,Action|Adventure|Comedy,en,1997-07-18,8.618208,25000000,0,97.0,6.3,174,Released,1997.0
Smilla's Sense of Snow,Action|Crime|Drama|Mystery|Thriller,en,1997-02-13,5.419181,35000000,0,121.0,6.6,60,Released,1997.0
The Fifth Element,Adventure|Fantasy|Action|Thriller|Science Fiction,en,1997-05-07,109.528572,90000000,263920180,126.0,7.3,3885,Released,1997.0
The Full Monty,Comedy,en,1997-08-13,17.002623,3500000,257850122,91.0,6.8,363,Released,1997.0
The Jackal,Action|Thriller|Adventure|Crime,en,1997-11-14,19.747459,60000000,159330280,124.0,6.1,527,Released,1997.0
The Man Who Knew Too Little,Comedy|Thriller|Crime|Action,en,1997-11-14,6.397042,20000000,13801755,97.0,6.5,125,Released,1997.0
The Relic,Horror|Mystery|Thriller,en,1997-01-10,12.621769,60000000,33956608,110.0,5.8,130,Released,1997.0
The Saint,Thriller|Action|Romance|Science Fiction|Adventure,en,1997-04-03,20.913852,68000000,118063304,116.0,5.9,302,Released,1997.0
The Spanish Prisoner,Crime|Drama|Mystery|Thriller,en,1997-09-08,3.091077,10000000,13835130,110.0,7.1,73,Released,1997.0
Turbulence,Action|Thriller|Crime,en,1997-01-09,4.700024,55000000,11466088,100.0,5.2,62,Released,1997.0
Volcano,Science Fiction|Action|Drama|Thriller,en,1997-04-25,19.836124,90000000,0,104.0,5.2,376,Released,1997.0
A Bug's Life,Adventure|Animation|Comedy|Family,en,1998-11-25,87.350802,120000000,363258859,95.0,6.8,2303,Released,1998.0
A Night at the Roxbury,Comedy,en,1998-10-01,12.709227,17000000,30331165,81.0,5.9,198,Released,1998.0
Among Giants,Comedy|Romance,en,1998-06-24,0.541652,0,0,93.0,4.5,2,Released,1998.0
Armageddon,Action|Thriller|Science Fiction|Adventure,en,1998-07-01,58.485967,140000000,553799566,151.0,6.4,2482,Released,1998.0
Beloved,Drama|Thriller,en,1998-10-16,1.453765,0,0,172.0,5.9,26,Released,1998.0
Blade,Horror|Action,en,1998-08-21,43.815492,45000000,131183530,120.0,6.5,1905,Released,1998.0
Can't Hardly Wait,Comedy|Drama|Romance,en,1998-06-12,11.350382,10000000,25605015,100.0,6.1,122,Released,1998.0
Dark City,Mystery|Science Fiction,en,1998-02-27,39.324831,27000000,27200316,100.0,7.2,828,Released,1998.0
Deep Impact,Action|Drama|Romance,en,1998-05-08,34.070054,75000000,140464664,120.0,5.9,855,Released,1998.0
Dirty Work,Comedy,en,1998-06-12,9.066881,0,0,82.0,6.5,66,Released,1998.0
Déjà Vu,Romance|Drama,en,1998-04-22,0.605645,0,0,117.0,8.0,1,Released,1998.0
Elizabeth,Drama|History,en,1998-09-13,14.179538,30000000,82150642,124.0,7.1,334,Released,1998.0
Ever After: A Cinderella Story,Drama|Romance|Comedy,en,1998-07-31,21.988861,26000000,65705772,121.0,6.8,399,Released,1998.0
Happiness,Comedy|Drama,en,1998-10-16,10.757539,3000000,2807390,139.0,7.4,194,Released,1998.0
Holy Man,Drama|Comedy,en,1998-10-08,9.265672,60000000,0,114.0,4.9,111,Released,1998.0
I Still Know What You Did Last Summer,Horror|Mystery|Thriller,en,1998-11-13,20.793026,65000000,40002112,100.0,5.1,374,Released,1998.0
Lost in Space,Adventure|Family|Science Fiction,en,1998-04-03,17.455024,80000000,136159423,130.0,5.0,388,Released,1998.0
Next Stop Wonderland,Comedy|Drama|Romance,en,1998-08-21,1.334481,0,0,96.0,6.0,20,Released,1998.0
Out of Sight,Romance|Comedy|Crime,en,1998-06-26,16.000178,48000000,77745568,123.0,6.5,333,Released,1998.0
Run Lola Run,Action|Drama|Thriller,de,1998-08-20,27.36562,1530000,7267585,81.0,7.2,664,Released,1998.0
Simon Birch,Comedy|Drama|Family,en,1998-09-11,11.090254,20000000,18253415,114.0,6.5,52,Released,1998.0
Six Days Seven Nights,Action|Adventure|Comedy|Romance,en,1998-06-12,18.264635,70000000,164000000,98.0,5.6,332,Released,1998.0
Slums of Beverly Hills,Comedy|Drama,en,1998-08-14,6.308298,5000000,0,91.0,6.5,44,Released,1998.0
Stepmom,Drama|Romance,en,1998-12-25,16.368283,0,0,124.0,6.9,277,Released,1998.0
The Celebration,Drama,da,1998-05-20,10.240917,1300000,0,105.0,7.7,207,Released,1998.0
The Last Big Thing,Comedy|Drama,en,1998-09-23,0.678475,0,0,98.0,6.0,3,Released,1998.0
The Thin Red Line,Drama|History|War,en,1998-12-25,40.072583,52000000,98126565,170.0,7.2,771,Released,1998.0
The X Files,Mystery|Science Fiction|Thriller,en,1998-06-19,18.59991,66000000,189198313,121.0,6.6,488,Released,1998.0
There's Something About Mary,Romance|Comedy,en,1998-07-15,57.110486,23000000,369884651,119.0,6.5,1590,Released,1998.0
Vampires,Action|Drama|Fantasy|Horror|Thriller,en,1998-04-15,17.016284,20000000,0,108.0,5.8,255,Released,1998.0
Without Limits,Drama,en,1998-09-11,3.849873,25000000,777423,117.0,6.2,19,Released,1998.0
An Ideal Husband,Drama|Comedy|Romance,en,1999-04-15,4.519523,14000000,18535191,97.0,6.3,46,Released,1999.0
Angela's Ashes,Drama,en,1999-12-25,4.88794,25,13,145.0,7.0,59,Released,1999.0
Blast from the Past,Comedy|Romance,en,1999-02-12,8.737058,35000000,40263020,112.0,6.3,245,Released,1999.0
Bowfinger,Comedy,en,1999-08-12,13.191829,55000000,0,97.0,6.0,254,Released,1999.0
Boys Don't Cry,Crime|Drama,en,1999-09-02,15.557144,2000000,11540607,118.0,7.2,353,Released,1999.0
Bringing Out the Dead,Drama,en,1999-10-22,15.560918,32000000,0,121.0,6.6,225,Released,1999.0
Chill Factor,Action|Comedy|Thriller,en,1999-09-01,3.276912,70000000,11263966,101.0,5.3,29,Released,1999.0
Deep Blue Sea,Action|Science Fiction|Thriller,en,1999-07-28,22.991269,60000000,73648228,105.0,5.6,604,Released,1999.0
Desert Blue,Comedy|Drama,en,1999-06-06,1.116206,0,0,90.0,5.5,9,Released,1999.0
Detroit Rock City,Comedy|Music,en,1999-08-13,5.700333,6500000,4217115,95.0,6.7,100,Released,1999.0
Dogma,Fantasy|Comedy|Adventure,en,1999-11-12,14.543435,10000000,30652890,130.0,6.8,823,Released,1999.0
Drop Dead Gorgeous,Comedy,en,1999-07-23,6.736274,10000000,10571408,98.0,6.4,86,Released,1999.0
East Is East,Comedy,en,1999-05-14,3.667372,3800000,28200000,97.0,6.5,59,Released,1999.0
End of Days,Action|Fantasy|Horror|Mystery,en,1999-11-24,20.652943,100000000,211989043,121.0,5.5,482,Released,1999.0
Entrapment,Romance|Drama|Mystery,en,1999-04-29,25.877794,66000000,212404396,112.0,6.0,602,Released,1999.0
Eyes Wide Shut,Mystery|Drama,en,1999-07-14,27.870312,65000000,162091208,159.0,7.1,1234,Released,1999.0
Fantasia 2000,Animation|Family|Music,en,1999-12-17,14.530946,80000000,90874570,74.0,7.0,292,Released,1999.0
Flawless,Comedy|Drama,en,1999-11-26,5.271559,0,4488529,112.0,5.9,56,Released,1999.0
For Love of the Game,Drama|Romance,en,1999-09-17,9.622345,50000000,0,137.0,6.3,88,Released,1999.0
Galaxy Quest,Comedy|Family|Science Fiction,en,1999-12-23,30.816341,45000000,90683916,102.0,6.9,710,Released,1999.0
"Girl, Interrupted",Drama,en,1999-12-21,10.713521,40000000,0,127.0,7.6,721,Released,1999.0
Godzilla 2000,Adventure|Horror|Action|Science Fiction,ja,1999-12-11,3.322721,1000000,10037390,107.0,5.9,43,Released,1999.0
"Happy, Texas",Comedy|Crime,en,1999-12-03,2.079125,1700000,1943649,98.0,5.5,39,Released,1999.0
Held Up,Comedy,en,1999-10-08,1.569449,0,0,89.0,4.9,11,Released,1999.0
Mystery Men,Adventure|Fantasy|Action|Comedy|Science Fiction,en,1999-08-06,12.948627,68000000,29762011,121.0,5.7,250,Released,1999.0
Random Hearts,Drama|Romance,en,1999-10-08,4.137237,64000000,74608570,133.0,5.3,63,Released,1999.0
Runaway Bride,Comedy|Romance,en,1999-07-30,20.230535,70000000,309457509,116.0,5.7,455,Released,1999.0
Smiling Fish & Goat On Fire,Comedy|Romance,en,1999-09-16,0.00734,0,0,90.0,7.0,1,Released,1999.0
Star Wars: Episode I - The Phantom Menace,Adventure|Action|Science Fiction,en,1999-05-19,54.035265,115000000,924317558,136.0,6.3,4432,Released,1999.0
Sugar Town,Comedy,en,1999-09-17,0.375423,0,0,92.0,5.5,2,Released,1999.0
Summer of Sam,Thriller|Drama|Crime|Romance,en,1999-07-02,3.70789,0,0,142.0,6.3,112,Released,1999.0
The Best Man,Drama|Comedy,en,1999-10-22,3.951041,9000000,34573780,120.0,6.8,38,Released,1999.0
The Iron Giant,Adventure|Animation|Family|Fantasy|Science Fiction,en,1999-08-06,61.245957,70000000,23159305,86.0,7.6,1436,Released,1999.0
The Omega Code,Horror|Thriller,en,1999-10-15,1.288173,0,2400000,100.0,4.4,17,Released,1999.0
The Other Conquest,Drama|Foreign,es,1999-04-01,0.015597,0,0,105.0,5.4,4,Released,1999.0
The Straight Story,Drama,en,1999-10-15,15.280261,10000000,0,112.0,7.7,306,Released,1999.0
The Thomas Crown Affair,Drama|Crime|Romance,en,1999-08-06,18.102572,48000000,124305181,113.0,6.6,339,Released,1999.0
Tumbleweeds,Comedy|Drama,en,1999-11-28,1.505703,312000,1281176,102.0,6.2,11,Released,1999.0
Wild Wild West,Action|Adventure|Comedy|Science Fiction|Western,en,1999-06-29,40.748915,170000000,222104681,106.0,5.1,1020,Released,1999.0
102 Dalmatians,Comedy|Family,en,2000-10-07,9.895061,85000000,183611771,100.0,5.1,313,Released,2000.0
3 Strikes,Action|Comedy|Romance,en,2000-03-01,1.433692,6000000,9000000,82.0,5.9,15,Released,2000.0
Almost Famous,Drama|Music,en,2000-09-15,21.547446,60000000,47383689,122.0,7.4,797,Released,2000.0
American Psycho,Thriller|Drama|Crime,en,2000-04-13,45.310443,7000000,34266564,102.0,7.3,2066,Released,2000.0
Bamboozled,Comedy|Drama,en,2000-10-06,2.23411,0,0,135.0,6.3,24,Released,2000.0
Bless the Child,Drama|Horror|Thriller|Crime,en,2000-08-11,3.321949,40000000,0,107.0,4.9,71,Released,2000.0
Boys and Girls,Comedy|Drama|Romance,en,2000-06-16,9.119797,16000000,20627372,94.0,5.4,103,Released,2000.0
Charlie's Angels,Action|Adventure|Comedy|Crime|Thriller,en,2000-11-02,40.20395,92000000,264105545,98.0,5.6,1232,Released,2000.0
Deterrence,Action|Drama|Mystery|Thriller,en,2000-03-10,2.171288,0,0,101.0,6.1,7,Released,2000.0
Dracula 2000,Thriller|Horror,en,2000-12-22,6.756771,28000000,33000337,99.0,4.6,148,Released,2000.0
Get Carter,Action|Drama|Thriller|Crime,en,2000-10-06,4.494788,63600000,19412993,102.0,4.8,145,Released,2000.0
Gladiator,Action|Drama|Adventure,en,2000-05-01,95.301296,103000000,457640427,155.0,7.9,5439,Released,2000.0
Gossip,Drama|Mystery|Thriller,en,2000-04-21,5.833687,14000000,5108820,90.0,5.5,68,Released,2000.0
Hanging Up,Comedy|Drama,en,2000-02-16,3.415534,40000000,36037909,94.0,5.0,40,Released,2000.0
Hollow Man,Action|Science Fiction|Thriller,en,2000-08-04,28.200874,95000000,190213455,112.0,5.6,634,Released,2000.0
How the Grinch Stole Christmas,Family|Comedy|Fantasy,en,2000-11-17,45.419668,123000000,345141403,104.0,6.2,1386,Released,2000.0
Little Nicky,Comedy|Fantasy|Romance,en,2000-11-10,18.335992,85000000,0,90.0,5.2,438,Released,2000.0
Love & Basketball,Action|Comedy|Drama|Romance,en,2000-04-21,2.027393,20000000,27728118,124.0,7.4,88,Released,2000.0
Meet the Parents,Comedy|Romance,en,2000-10-06,29.97224,55000000,330444045,108.0,6.6,1698,Released,2000.0
Mercy Streets,Action|Adventure|Drama,en,2000-10-31,0.099902,0,0,106.0,5.5,2,Released,2000.0
Michael Jordan to the Max,Documentary,en,2000-05-05,1.830306,0,21268532,46.0,7.5,10,Released,2000.0
Miss Congeniality,Comedy|Crime|Action,en,2000-12-14,32.624355,45000000,212000000,111.0,6.1,961,Released,2000.0
Mission to Mars,Science Fiction,en,2000-03-10,16.058284,90000000,60874615,114.0,5.7,369,Released,2000.0
My Dog Skip,Comedy|Drama|Family,en,2000-01-14,5.675535,7000000,0,95.0,6.5,69,Released,2000.0
Next Friday,Comedy,en,2000-01-12,9.337388,11000000,59827328,98.0,6.4,135,Released,2000.0
"O Brother, Where Art Thou?",Action|Adventure|Comedy,en,2000-08-30,39.742009,26000000,71868327,106.0,7.3,1112,Released,2000.0
Quills,Drama,en,2000-11-22,7.261196,13500000,7060876,124.0,6.8,128,Released,2000.0
Reindeer Games,Thriller,en,2000-02-25,11.470135,42000000,32168970,124.0,5.4,173,Released,2000.0
Return to Me,Romance|Comedy|Drama,en,2000-04-07,5.771479,24000000,36609995,115.0,6.1,67,Released,2000.0
Shanghai Noon,Adventure|Action|Comedy|Western,en,2000-05-26,25.400935,55000000,56932305,110.0,6.2,735,Released,2000.0
Small Time Crooks,Action|Comedy|Crime,en,2000-05-19,11.423533,0,0,94.0,6.4,155,Released,2000.0
The Cell,Horror|Science Fiction|Thriller,en,2000-08-17,25.413955,33000000,104155843,107.0,6.0,436,Released,2000.0
The Claim,Drama|Romance|Western,en,2000-12-29,2.996284,0,0,120.0,5.6,17,Released,2000.0
The Emperor's New Groove,Adventure|Animation|Comedy|Family|Fantasy,en,2000-12-09,51.113717,100000000,169327687,78.0,7.2,1490,Released,2000.0
The In Crowd,Thriller,en,2000-07-19,0.249245,15000000,5217498,105.0,4.7,15,Released,2000.0
The Legend of Bagger Vance,Fantasy|Drama,en,2000-11-02,16.848899,80000000,39459427,126.0,6.3,251,Released,2000.0
The Little Vampire,Family|Horror,en,2000-10-27,4.365196,22000000,13555988,95.0,6.1,77,Released,2000.0
The Next Best Thing,Comedy,en,2000-03-03,3.707511,25000000,24362772,108.0,4.3,29,Released,2000.0
The Perfect Storm,Drama,en,2000-03-15,25.752118,120000000,325756637,130.0,6.2,597,Released,2000.0
The Watcher,Mystery|Thriller,en,2000-09-08,7.339908,33000000,0,96.0,4.9,110,Released,2000.0
The Way of the Gun,Action|Crime|Drama|Thriller,en,2000-09-08,8.775844,8500000,19125401,119.0,6.4,100,Released,2000.0
The Whole Nine Yards,Comedy|Crime,en,2000-02-18,23.441135,41300000,106371651,98.0,6.2,531,Released,2000.0
U-571,Action|Drama|Thriller|War,en,2000-04-20,18.096884,62000000,127666415,116.0,6.1,340,Released,2000.0
Urban Legends: Final Cut,Horror,en,2000-09-19,8.885017,14000000,38574362,97.0,4.4,100,Released,2000.0
What Planet Are You From?,Comedy|Drama|Romance|Science Fiction,en,2000-03-03,2.275331,60000000,0,105.0,5.4,37,Released,2000.0
Whipped,Comedy|Romance,en,2000-09-01,2.144354,3000000,0,82.0,3.1,11,Released,2000.0
Wonder Boys,Comedy|Drama,en,2000-02-22,9.011729,35000000,0,111.0,6.9,161,Released,2000.0
X-Men,Adventure|Action|Science Fiction,en,2000-07-13,4.66891,75000000,296339527,104.0,6.8,4097,Released,2000.0
3000 Miles to Graceland,Action|Adventure|Comedy|Thriller|Crime,en,2001-02-23,11.262655,62000000,18720175,125.0,5.8,178,Released,2001.0
Along Came a Spider,Crime|Mystery|Thriller|Action,en,2001-04-06,21.252797,60000000,105178561,104.0,6.1,400,Released,2001.0
American Desi,Drama|Comedy|Romance,en,2001-01-01,0.126304,250000,0,100.0,5.0,4,Released,2001.0
American Pie 2,Comedy|Romance,en,2001-08-10,36.432598,30000000,287553595,108.0,6.0,1344,Released,2001.0
Bandits,Action|Comedy|Crime|Romance,en,2001-10-12,24.353302,75000000,67631903,123.0,6.2,302,Released,2001.0
Brigham City,Crime|Drama|Mystery|Thriller,en,2001-03-30,0.280083,1000000,852206,119.0,7.3,4,Released,2001.0
Bubble Boy,Adventure|Comedy|Drama|Romance,en,2001-08-24,10.131123,0,0,84.0,5.1,163,Released,2001.0
Buffalo Soldiers,Drama|Comedy|War|Crime|Thriller,en,2001-09-08,6.329672,15000000,0,98.0,6.5,93,Released,2001.0
Bully,Crime|Drama,en,2001-06-15,6.677093,0,480811,113.0,6.7,125,Released,2001.0
Dr. Dolittle 2,Comedy|Family|Romance|Fantasy,en,2001-06-22,13.543053,70000000,176104344,87.0,4.9,410,Released,2001.0
Final Fantasy: The Spirits Within,Adventure|Action|Animation|Fantasy|Science Fiction|Thriller,en,2001-07-02,26.074908,137000000,85131830,106.0,5.9,433,Released,2001.0
Freddy Got Fingered,Comedy,en,2001-04-18,8.710294,0,0,87.0,4.6,115,Released,2001.0
Harvard Man,Drama,en,2001-01-01,5.336243,0,0,99.0,4.8,15,Released,2001.0
High Heels and Low Lifes,Action|Crime|Comedy,en,2001-07-16,1.769593,0,0,86.0,6.4,12,Released,2001.0
I Am Sam,Drama,en,2001-12-28,26.071644,22000000,92542418,132.0,7.2,530,Released,2001.0
Kissing Jessica Stein,Comedy,en,2001-04-21,3.990215,1000000,10013424,97.0,5.9,48,Released,2001.0
Legally Blonde,Comedy,en,2001-07-13,25.43954,18000000,141774679,96.0,6.1,882,Released,2001.0
Lovely & Amazing,Comedy|Drama|Romance,en,2001-08-31,1.45917,250000,4186931,91.0,6.3,23,Released,2001.0
Nowhere in Africa,Drama,de,2001-12-11,3.481517,0,0,140.0,7.0,32,Released,2001.0
O,Drama|Romance|Thriller,en,2001-08-31,4.146752,0,16017403,95.0,5.8,75,Released,2001.0
On the Line,Comedy|Family|Romance,en,2001-10-26,3.084874,0,0,85.0,4.1,10,Released,2001.0
Out Cold,Comedy,en,2001-11-21,4.12064,24000000,14782676,89.0,5.8,53,Released,2001.0
Riding in Cars with Boys,Comedy|Drama|Romance,en,2001-10-19,7.226115,48000000,35743308,132.0,6.5,103,Released,2001.0
Shaolin Soccer,Action|Comedy,cn,2001-07-12,17.54768,0,42776760,113.0,6.6,491,Released,2001.0
Super Troopers,Comedy|Crime|Mystery,en,2001-01-18,16.312803,3000000,18492362,100.0,6.6,362,Released,2001.0
Swordfish,Action|Crime|Thriller,en,2001-06-07,36.788745,102000000,147080413,99.0,6.1,932,Released,2001.0
The 51st State,Thriller|Action|Comedy|Crime,en,2001-12-07,9.670031,28,14,93.0,5.9,173,Released,2001.0
The Believer,Drama,en,2001-01-19,9.856826,1500000,416925,98.0,6.8,151,Released,2001.0
The Business of Strangers,Drama|Thriller,en,2001-01-19,1.369649,0,0,84.0,5.7,19,Released,2001.0
The Fast and the Furious,Action|Crime|Thriller,en,2001-06-22,6.909942,38000000,207283925,106.0,6.6,3428,Released,2001.0
The Lost Skeleton of Cadavra,Comedy|Horror|Science Fiction,en,2001-09-12,1.680525,0,0,90.0,6.5,30,Released,2001.0
The Mummy Returns,Adventure|Action|Fantasy,en,2001-04-28,41.862983,98000000,433013274,130.0,6.0,2206,Released,2001.0
Thir13en Ghosts,Horror|Thriller,en,2001-10-26,20.392858,0,0,91.0,5.4,440,Released,2001.0
Tomcats,Comedy|Romance,en,2001-03-30,7.063053,11000000,23430766,95.0,4.9,74,Released,2001.0
Two Can Play That Game,Comedy|Romance,en,2001-09-07,2.27213,6000000,0,90.0,6.6,17,Released,2001.0
Valentine,Horror|Thriller,en,2001-02-01,5.904126,0,0,96.0,5.0,114,Released,2001.0
Winged Migration,Documentary,fr,2001-12-12,3.75074,35866397,20217080,98.0,7.0,49,Released,2001.0
Y Tu Mamá También,Drama|Romance,es,2001-06-08,16.890285,5000000,33616692,106.0,7.3,315,Released,2001.0
Zoolander,Comedy,en,2001-09-28,38.0958,28000000,60780981,89.0,6.1,1337,Released,2001.0
8 Women,Comedy|Thriller|Music|Crime|Mystery,fr,2002-01-08,8.204829,8000000,0,111.0,6.9,196,Released,2002.0
All About the Benjamins,Action|Adventure|Comedy,en,2002-03-08,5.102258,14000000,25482931,95.0,5.8,48,Released,2002.0
Ararat,War|Drama,en,2002-05-20,1.326264,0,0,115.0,5.7,16,Released,2002.0
Bad Company,Action|Adventure|Comedy|Thriller,en,2002-06-07,14.086292,70000000,65977295,116.0,5.4,228,Released,2002.0
Ballistic: Ecks vs. Sever,Action|Adventure|Thriller,en,2002-09-20,8.37378,70000000,19924033,91.0,4.3,97,Released,2002.0
Blue Car,Drama,en,2002-01-11,0.672695,1000000,464000,92.0,6.7,13,Released,2002.0
Changing Lanes,Action|Adventure|Crime|Thriller,en,2002-04-07,17.270539,45000000,94935764,89.0,5.9,299,Released,2002.0
Chicago,Action|Comedy|Crime|Drama|Music,en,2002-12-26,32.217425,45000000,306776732,113.0,6.9,677,Released,2002.0
City of God,Drama|Crime,pt,2002-02-05,44.356711,3300000,30641770,130.0,8.1,1814,Released,2002.0
Cypher,Thriller|Science Fiction|Mystery,en,2002-10-01,11.636883,7500000,0,95.0,6.7,192,Released,2002.0
Death to Smoochy,Comedy|Crime|Drama|Thriller,en,2002-03-28,11.329727,55000000,0,109.0,5.9,132,Released,2002.0
FearDotCom,Horror|Thriller,en,2002-08-09,6.756886,40000000,18902015,101.0,3.2,105,Released,2002.0
Frida,Drama|Romance,en,2002-08-29,18.422327,12000000,56298474,123.0,7.3,383,Released,2002.0
Hart's War,Drama|War,en,2002-02-15,14.244518,70000000,32287044,125.0,5.9,241,Released,2002.0
High Crimes,Drama|Mystery|Thriller|Crime,en,2002-04-03,14.046705,42000000,63781810,115.0,6.1,184,Released,2002.0
I Spy,Action|Adventure|Comedy|Thriller,en,2002-10-31,13.267631,70000000,33561137,97.0,5.2,269,Released,2002.0
Insomnia,Crime|Mystery|Thriller,en,2002-05-24,41.322708,46000000,113714830,118.0,6.8,1148,Released,2002.0
Lilya 4-ever,Crime|Drama,sv,2002-08-23,7.759215,0,0,109.0,7.7,139,Released,2002.0
Men in Black II,Action|Adventure|Comedy|Science Fiction,en,2002-07-03,91.332849,140000000,441818803,88.0,6.0,3114,Released,2002.0
Mr. Deeds,Comedy|Romance,en,2002-06-28,18.121404,50000000,171269535,96.0,5.6,644,Released,2002.0
My Big Fat Greek Wedding,Comedy|Drama|Romance,en,2002-02-22,18.115566,5000000,368744044,95.0,6.2,671,Released,2002.0
Narc,Action|Crime|Drama|Thriller,en,2002-01-14,8.526635,6500000,12633747,105.0,6.8,142,Released,2002.0
Panic Room,Crime|Drama|Thriller,en,2002-03-29,53.043124,48000000,196397415,111.0,6.5,1267,Released,2002.0
Punch-Drunk Love,Comedy|Drama|Romance,en,2002-10-25,15.960916,25000000,17000000,95.0,6.9,530,Released,2002.0
Raising Victor Vargas,Drama|Romance,en,2002-05-16,3.643662,800000,2816116,88.0,7.8,13,Released,2002.0
Red Dragon,Crime|Thriller|Horror,en,2002-09-29,10.083905,78000000,209196298,124.0,6.7,1115,Released,2002.0
Reign of Fire,Adventure|Action|Fantasy,en,2002-07-12,27.615108,60000000,43061982,101.0,6.0,669,Released,2002.0
Salton Sea,Drama|Mystery|Thriller,en,2002-01-01,10.991281,18000000,676698,103.0,7.0,104,Released,2002.0
Scooby-Doo,Mystery|Adventure|Comedy,en,2002-06-14,31.435539,84000000,275650703,88.0,5.4,820,Released,2002.0
Secretary,Comedy|Drama|Romance,en,2002-01-11,19.107285,4000000,9304609,104.0,6.7,376,Released,2002.0
Star Wars: Episode II - Attack of the Clones,Adventure|Action|Science Fiction,en,2002-05-15,43.987061,120000000,649398328,142.0,6.4,3992,Released,2002.0
Swimfan,Drama|Thriller,en,2002-09-06,4.844451,8500000,34411240,84.0,5.0,70,Released,2002.0
The Banger Sisters,Comedy|Drama,en,2002-09-20,6.015354,10000000,0,98.0,5.5,62,Released,2002.0
The Business of Fancydancing,Music|Drama,en,2002-01-14,0.06104,200000,0,103.0,8.0,2,Released,2002.0
The Count of Monte Cristo,Action|Adventure|Drama|Thriller,en,2002-01-23,26.595983,35000000,75395048,131.0,7.3,453,Released,2002.0
The Crime of Padre Amaro,Drama|Romance,es,2002-10-01,2.179428,1800000,0,118.0,6.2,36,Released,2002.0
The Four Feathers,War|Adventure|Drama|Romance,en,2002-09-08,10.10364,35000000,29882645,132.0,6.5,159,Released,2002.0
The Good Girl,Drama|Comedy|Romance,en,2002-01-12,9.799177,8000000,16856124,93.0,6.1,181,Released,2002.0
The Jimmy Show,Comedy|Drama,en,2002-01-16,0.098351,0,0,96.0,8.0,1,Released,2002.0
The Mothman Prophecies,Drama|Horror|Mystery,en,2002-01-25,14.733513,32000000,55157539,119.0,6.1,305,Released,2002.0
The Quiet American,Drama|Action|Thriller|Romance,en,2002-11-22,5.133744,30000000,27674124,101.0,6.4,81,Released,2002.0
The Spanish Apartment,Drama|Comedy|Romance,fr,2002-05-17,13.034602,5300000,3897799,122.0,7.0,266,Released,2002.0
Treasure Planet,Adventure|Animation|Family|Fantasy|Science Fiction,en,2002-11-26,38.924136,140000000,109578115,95.0,7.2,948,Released,2002.0
xXx,Action|Adventure|Thriller,en,2002-08-09,46.217769,70000000,277448382,124.0,5.8,1424,Released,2002.0
11:14,Crime|Drama|Thriller,en,2003-05-16,15.048067,6000000,0,86.0,6.8,206,Released,2003.0
Agent Cody Banks,Action,en,2003-03-14,11.859396,28000000,58795814,102.0,5.0,284,Released,2003.0
American Splendor,Comedy|Drama,en,2003-08-15,7.792851,0,6003587,101.0,7.1,120,Released,2003.0
Darkness Falls,Thriller|Horror,en,2003-01-24,11.199544,0,0,86.0,4.9,161,Released,2003.0
Dickie Roberts: Former Child Star,Comedy,en,2003-09-05,10.149569,0,0,98.0,5.1,64,Released,2003.0
Evil Words,Horror|Mystery|Thriller,fr,2003-10-03,0.205034,0,0,100.0,6.9,8,Released,2003.0
Gigli,Drama,en,2003-08-01,9.053456,54000000,7266209,121.0,3.5,104,Released,2003.0
Gothika,Horror|Thriller,en,2003-11-21,27.303608,40000000,141591324,98.0,5.8,629,Released,2003.0
Grand Theft Parsons,Crime|Comedy|Drama|Adventure,en,2003-06-18,1.998557,0,0,88.0,6.0,11,Released,2003.0
Holes,Adventure|Family|Drama|Comedy,en,2003-04-18,22.001408,20000000,0,117.0,6.7,383,Released,2003.0
House of Sand and Fog,Drama,en,2003-12-19,12.102725,16500000,16942795,126.0,7.0,199,Released,2003.0
Intolerable Cruelty,Crime|Comedy|Romance,en,2003-09-02,22.620125,60000000,119940815,100.0,5.8,391,Released,2003.0
Jeepers Creepers 2,Horror|Thriller,en,2003-08-08,19.045146,17000000,63102666,104.0,5.5,299,Released,2003.0
Kangaroo Jack,Comedy|Adventure|Crime,en,2003-01-17,10.292864,0,0,89.0,4.3,203,Released,2003.0
Kill Bill: Vol. 1,Action|Crime,en,2003-10-10,79.754966,30000000,180949000,111.0,7.7,4949,Released,2003.0
"Legally Blonde 2: Red, White & Blonde",Comedy,en,2003-07-02,4.340616,45000000,124914842,95.0,5.1,377,Released,2003.0
Marci X,Comedy,en,2003-08-22,5.65327,20000000,1675706,84.0,3.3,12,Released,2003.0
Nothing,Comedy|Fantasy|Science Fiction,en,2003-09-09,3.408955,0,0,90.0,5.8,38,Released,2003.0
Party Monster,Comedy|Drama|Crime,en,2003-09-05,4.129165,5000000,742898,98.0,5.9,58,Released,2003.0
Pieces of April,Comedy|Drama,en,2003-01-19,4.270596,300000,0,81.0,6.4,64,Released,2003.0
Pirates of the Caribbean: The Curse of the Black Pearl,Adventure|Fantasy|Action,en,2003-07-09,271.972889,140000000,655011224,143.0,7.5,6985,Released,2003.0
"Remember Me, My Love",Drama|Comedy|Romance,it,2003-02-11,4.240495,0,0,125.0,5.8,44,Released,2003.0
Saints and Soldiers,Action|Adventure|Drama|History|War,en,2003-09-11,6.003418,780000,0,90.0,6.6,98,Released,2003.0
Scary Movie 3,Comedy,en,2003-10-24,36.585509,48000000,220673217,84.0,5.8,912,Released,2003.0
Something's Gotta Give,Drama|Comedy|Romance,en,2003-12-12,16.939441,80000000,266728738,128.0,6.3,410,Released,2003.0
Terminator 3: Rise of the Machines,Action|Thriller|Science Fiction,en,2003-07-02,69.405188,200000000,435000000,109.0,5.9,2143,Released,2003.0
The League of Extraordinary Gentlemen,Fantasy|Action|Thriller|Science Fiction,en,2003-07-11,47.436675,78000000,179265204,110.0,5.7,1155,Released,2003.0
The Rundown,Adventure|Action|Comedy|Thriller,en,2003-09-26,24.107835,85000000,80916492,104.0,6.4,514,Released,2003.0
The Statement,Drama|Thriller,en,2003-12-12,2.653988,0,0,120.0,5.9,23,Released,2003.0
The Visual Bible: The Gospel of John,Drama|History,en,2003-09-11,3.208172,10000000,4069090,125.0,8.2,12,Released,2003.0
Thirteen,Crime|Drama,en,2003-08-20,20.331593,2000000,4601043,100.0,6.7,339,Released,2003.0
Travellers and Magicians,Adventure|Drama|Foreign,en,2003-09-09,0.749699,0,0,108.0,6.8,9,Released,2003.0
X2,Adventure|Action|Science Fiction|Thriller,en,2003-04-24,2.871739,110000000,407711549,133.0,6.8,3506,Released,2003.0
2046,Fantasy|Drama|Science Fiction|Romance,zh,2004-05-20,12.664787,12000000,19271312,129.0,6.9,206,Released,2004.0
AVP: Alien vs. Predator,Adventure|Science Fiction|Action,en,2004-08-12,42.957216,70000000,171183863,101.0,5.5,1217,Released,2004.0
Alfie,Comedy,en,2004-10-22,15.219263,60000000,13395939,103.0,5.6,248,Released,2004.0
Anchorman: The Legend of Ron Burgundy,Comedy,en,2004-07-09,29.342744,26000000,90574188,94.0,6.7,1493,Released,2004.0
Breakin' All the Rules,Comedy|Romance,en,2004-05-14,6.904734,0,0,85.0,5.8,21,Released,2004.0
Cellular,Action|Adventure|Crime|Thriller,en,2004-09-06,24.459948,25000000,56422687,94.0,6.1,537,Released,2004.0
Closer,Drama|Romance,en,2004-12-01,22.636908,27000000,115505027,104.0,6.7,811,Released,2004.0
Club Dread,Comedy|Horror,en,2004-02-27,2.62082,8500000,5001655,104.0,5.1,107,Released,2004.0
Connie and Carla,Comedy,en,2004-04-16,6.102663,20000000,11341016,98.0,6.4,24,Released,2004.0
Downfall,Drama|History|War,de,2004-09-08,32.445895,18339750,92180910,156.0,7.7,1037,Released,2004.0
Envy,Comedy,en,2004-04-30,9.842771,40000000,0,99.0,4.8,139,Released,2004.0
EuroTrip,Comedy,en,2004-02-20,25.848003,25000000,20796847,93.0,6.5,656,Released,2004.0
Flight of the Phoenix,Action|Adventure|Drama|Thriller,en,2004-12-17,20.374308,45000000,21009180,113.0,5.7,276,Released,2004.0
Freeze Frame,Thriller|Drama|Crime,en,2004-05-01,4.922397,0,0,99.0,6.9,18,Released,2004.0
Garfield,Animation|Comedy|Family,en,2004-06-10,17.667826,50000000,200804534,80.0,5.2,820,Released,2004.0
Harry Potter and the Prisoner of Azkaban,Adventure|Fantasy|Family,en,2004-05-31,79.679601,130000000,789804554,141.0,7.7,5877,Released,2004.0
House of Flying Daggers,Adventure|Drama|Action|Romance,zh,2004-05-19,21.064082,0,92863945,119.0,7.1,439,Released,2004.0
Imaginary Heroes,Comedy|Drama,en,2004-09-14,2.85283,10000000,0,111.0,6.3,29,Released,2004.0
Johnson Family Vacation,Comedy|Family,en,2004-04-07,4.623609,12000000,31179516,97.0,4.7,30,Released,2004.0
Little Black Book,Comedy|Romance|Drama,en,2004-08-06,6.246199,35000000,22034832,111.0,5.2,112,Released,2004.0
Live-In Maid,Drama|Foreign,en,2004-09-21,0.038706,0,0,83.0,7.8,3,Released,2004.0
Malevolence,Crime|Horror|Thriller,en,2004-09-10,1.077321,450000,0,90.0,4.9,14,Released,2004.0
Maria Full of Grace,Drama|Thriller|Crime,es,2004-01-18,3.027892,0,0,101.0,6.9,101,Released,2004.0
My Summer of Love,Drama|Thriller|Romance,en,2004-08-20,3.939753,0,0,86.0,6.0,59,Released,2004.0
National Treasure,Adventure|Action|Thriller|Mystery,en,2004-11-19,58.849256,100000000,347451894,131.0,6.4,1926,Released,2004.0
New York Minute,Comedy,en,2004-05-01,10.0403,0,0,91.0,5.5,185,Released,2004.0
Night Watch,Fantasy|Action|Thriller,ru,2004-06-27,12.540624,4200000,32000000,114.0,6.3,210,Released,2004.0
November,Drama|Mystery|Thriller,en,2004-07-22,5.742359,0,0,73.0,4.9,11,Released,2004.0
On the Outs,Drama,en,2004-09-11,0.493223,0,0,86.0,5.9,6,Released,2004.0
Paparazzi,Action|Drama|Thriller,en,2004-09-03,9.149089,20000000,16605763,84.0,5.8,52,Released,2004.0
Ray,Drama|Music,en,2004-10-29,21.743321,40000000,124731534,152.0,7.2,467,Released,2004.0
Saved!,Comedy|Drama,en,2004-01-21,9.85123,0,0,92.0,6.3,147,Released,2004.0
Shall We Dance?,Drama|Romance|Comedy,en,2004-10-15,14.231899,50000000,170128460,107.0,5.9,297,Released,2004.0
Shrek 2,Adventure|Animation|Comedy|Family|Fantasy,en,2004-05-19,47.320801,150000000,919838758,93.0,6.7,2988,Released,2004.0
Steamboy,Animation|Fantasy|Science Fiction,ja,2004-07-17,9.129808,20000000,0,126.0,6.4,102,Released,2004.0
The Blue Butterfly,Adventure|Drama|Family,en,2004-02-20,1.985552,0,0,97.0,6.8,6,Released,2004.0
The Girl Next Door,Comedy,en,2004-04-09,39.784026,25000000,30411183,108.0,6.3,824,Released,2004.0
The Notebook,Romance|Drama,en,2004-06-25,55.109138,29000000,115603229,123.0,7.7,3067,Released,2004.0
The Polar Express,Adventure|Animation|Family|Fantasy,en,2004-11-10,47.323228,165000000,305875730,100.0,6.4,1474,Released,2004.0
The Princess Diaries 2: Royal Engagement,Comedy|Drama|Family|Romance,en,2004-08-06,30.002907,40000000,95149435,113.0,6.0,697,Released,2004.0
Thunderbirds,Action|Adventure|Comedy|Family|Fantasy|Science Fiction,en,2004-07-23,9.27875,57000000,28283637,95.0,4.2,91,Released,2004.0
Two Brothers,Adventure|Drama|Family,en,2004-04-07,8.884318,74500000,62172050,109.0,6.9,180,Released,2004.0
Veer-Zaara,Drama|Romance,hi,2004-11-12,3.721858,7000000,29385320,192.0,7.4,64,Released,2004.0
Wimbledon,Comedy|Romance,en,2004-09-13,16.736734,31000000,41512007,98.0,6.0,293,Released,2004.0
Win a Date with Tad Hamilton!,Comedy|Romance,en,2004-01-23,7.701041,17000000,16980098,95.0,5.5,160,Released,2004.0
An American Haunting,Horror|Thriller,en,2005-05-05,7.436315,0,0,83.0,5.3,142,Released,2005.0
Assault on Precinct 13,Thriller,en,2005-01-19,18.706504,30000000,35294470,109.0,6.0,311,Released,2005.0
Be Cool,Comedy|Crime,en,2005-03-04,18.61472,53000000,95226116,118.0,5.4,292,Released,2005.0
Boogeyman,Thriller|Horror|Drama|Mystery,en,2005-02-04,11.62423,20000000,67192859,89.0,4.6,191,Released,2005.0
Brokeback Mountain,Drama|Romance,en,2005-09-02,44.135568,14000000,178043761,134.0,7.5,1480,Released,2005.0
Coach Carter,Drama,en,2005-01-14,23.234651,30000000,76669806,136.0,7.3,496,Released,2005.0
Corpse Bride,Romance|Fantasy|Animation|Music,en,2005-09-09,43.571612,40000000,117195061,77.0,7.2,1894,Released,2005.0
Dear Wendy,Comedy|Crime|Drama|Romance,en,2005-01-22,2.597665,0,0,105.0,5.6,33,Released,2005.0
Elektra,Action|Fantasy,en,2005-01-13,28.613892,43000000,56681566,97.0,4.8,575,Released,2005.0
Harsh Times,Crime|Drama|Thriller|Action,en,2005-09-11,12.999023,2000000,5967038,120.0,6.3,197,Released,2005.0
Hostage,Mystery|Drama|Thriller|Crime,en,2005-03-09,23.663713,52000000,77944725,113.0,6.2,512,Released,2005.0
House of Wax,Horror,en,2005-04-30,17.157738,40000000,68766121,113.0,5.5,677,Released,2005.0
Hustle & Flow,Drama,en,2005-07-22,6.39503,8000000,23563727,116.0,6.9,99,Released,2005.0
King's Ransom,Comedy|Crime,en,2005-04-22,5.079017,0,0,95.0,5.1,14,Released,2005.0
Kiss Kiss Bang Bang,Action|Comedy|Crime|Mystery,en,2005-09-05,32.690038,15000000,15785148,103.0,7.2,886,Released,2005.0
Mad Hot Ballroom,Documentary|Family,en,2005-05-13,0.772668,0,0,105.0,7.2,8,Released,2005.0
Match Point,Drama|Thriller|Crime|Romance,en,2005-10-26,30.669913,15000000,85306374,124.0,7.3,1105,Released,2005.0
Mr. & Mrs. Smith,Action|Comedy|Drama|Thriller,en,2005-06-07,44.635452,110000000,478207520,120.0,6.5,2965,Released,2005.0
Must Love Dogs,Comedy|Romance,en,2005-07-21,11.120167,30000000,58405313,98.0,5.8,140,Released,2005.0
Mutual Appreciation,Drama|Comedy,en,2005-03-01,0.123068,500000,0,109.0,6.1,8,Released,2005.0
My Date with Drew,Documentary,en,2005-08-05,1.929883,0,0,90.0,6.3,16,Released,2005.0
Romance & Cigarettes,Comedy|Music|Romance,en,2005-09-13,4.056774,0,2945242,105.0,6.0,33,Released,2005.0
Saw II,Horror,en,2005-10-28,42.187986,4000000,152925093,92.0,6.3,1251,Released,2005.0
Serenity,Science Fiction|Action|Adventure|Thriller,en,2005-08-25,45.388937,39000000,38869464,119.0,7.4,1264,Released,2005.0
Sky High,Adventure|Comedy|Family,en,2005-07-29,11.041659,35000000,86369815,100.0,5.8,550,Released,2005.0
Son of the Mask,Fantasy|Comedy|Family|Adventure,en,2005-02-18,17.815595,84000000,0,94.0,3.6,338,Released,2005.0
Supercross,Action|Adventure|Drama|Romance,en,2005-08-16,3.71305,0,3102550,80.0,5.4,29,Released,2005.0
Sympathy for Lady Vengeance,Drama|Thriller,ko,2005-07-29,17.074843,0,23803308,115.0,7.4,356,Released,2005.0
The Adventures of Sharkboy and Lavagirl,Adventure|Family|Science Fiction,en,2005-06-10,12.31101,50000000,69425966,92.0,4.4,269,Released,2005.0
The Brothers Grimm,Adventure|Fantasy|Action|Comedy|Thriller,en,2005-08-26,40.138009,88000000,105316267,118.0,5.6,818,Released,2005.0
The Exorcism of Emily Rose,Crime|Drama|Horror|Thriller,en,2005-09-09,32.602868,19000000,144216468,122.0,6.3,659,Released,2005.0
The Family Stone,Comedy|Drama|Romance,en,2005-12-14,14.190837,0,0,103.0,6.2,249,Released,2005.0
The Great Raid,Action|History|War,en,2005-08-12,8.923215,80000000,10166502,132.0,6.8,91,Released,2005.0
The House of Sand,Drama,pt,2005-05-13,0.389471,0,0,115.0,6.7,9,Released,2005.0
The Interpreter,Crime|Thriller,en,2005-04-08,18.69984,80000000,162944923,128.0,6.2,392,Released,2005.0
The Pacifier,Action|Comedy|Drama|Family|Thriller,en,2005-03-04,35.4763,56000000,113006880,95.0,5.8,842,Released,2005.0
The Skeleton Key,Drama|Horror|Mystery|Thriller,en,2005-07-29,29.105407,43000000,91974818,104.0,6.4,573,Released,2005.0
The White Countess,Drama|History|Family|Romance,en,2005-10-30,4.488547,0,0,135.0,6.9,21,Released,2005.0
Thumbsucker,Comedy|Drama,en,2005-01-23,4.757625,0,1919197,96.0,6.1,67,Released,2005.0
Trust the Man,Comedy|Drama|Romance,en,2005-09-01,5.2545,9000000,0,103.0,5.5,29,Released,2005.0
Unleashed,Action|Crime,en,2005-02-02,25.999888,45000000,50871113,103.0,6.6,518,Released,2005.0
Yes,Drama|Romance,en,2005-08-05,3.677831,0,0,100.0,5.9,7,Released,2005.0
10th & Wolf,Action|Crime|Drama|Mystery|Thriller,en,2006-02-19,3.942464,8000000,143451,107.0,6.3,24,Released,2006.0
A Scanner Darkly,Animation|Science Fiction|Thriller,en,2006-05-25,26.093043,8700000,7659918,100.0,6.8,532,Released,2006.0
Barnyard,Animation|Comedy|Family,en,2006-08-04,10.430832,51000000,72779000,90.0,5.3,225,Released,2006.0
Beerfest,Comedy,en,2006-08-25,14.304444,17500000,19179969,110.0,5.8,172,Released,2006.0
Big Momma's House 2,Comedy|Crime,en,2006-01-26,17.61292,40000000,138259062,99.0,5.4,371,Released,2006.0
Black Snake Moan,Drama,en,2006-12-08,11.429607,15000000,10903846,116.0,6.6,243,Released,2006.0
Blood Diamond,Drama|Thriller|Action,en,2006-12-07,52.792678,100000000,170877916,143.0,7.3,2281,Released,2006.0
Click,Comedy|Drama|Fantasy|Romance,en,2006-06-22,41.176631,82500000,237681299,107.0,6.0,2104,Released,2006.0
Crazy Stone,Action|Comedy,zh,2006-01-01,1.68502,0,0,98.0,6.9,22,Released,2006.0
Curse of the Golden Flower,Action|Drama|Fantasy,zh,2006-12-21,9.950505,110,0,114.0,6.6,203,Released,2006.0
Date Movie,Comedy,en,2006-02-17,10.098722,20000000,48548426,83.0,3.6,222,Released,2006.0
Facing the Giants,Drama,en,2006-09-29,4.563698,100000,10178331,111.0,6.6,64,Released,2006.0
Farce of the Penguins,Comedy|Documentary,en,2006-12-01,1.963219,0,0,80.0,3.2,13,Released,2006.0
Final Destination 3,Horror|Mystery,en,2006-02-10,31.64341,25000000,117719158,93.0,5.8,974,Released,2006.0
Friends with Money,Comedy|Drama|Romance,en,2006-09-07,11.885221,6500000,13368437,88.0,5.1,128,Released,2006.0
Glory Road,Drama,en,2006-01-13,8.305085,0,42647449,118.0,7.2,144,Released,2006.0
Iraq for Sale: The War Profiteers,Documentary,en,2006-01-01,1.517771,0,0,75.0,8.0,6,Released,2006.0
Jackass Number Two,Action|Comedy|Documentary,en,2006-09-22,11.227087,11000000,72778712,95.0,6.4,298,Released,2006.0
Just My Luck,Comedy|Drama|Family|Fantasy|Romance,en,2006-05-12,22.074306,28000000,38159905,103.0,5.8,491,Released,2006.0
Lucky Number Slevin,Drama|Thriller|Crime|Mystery,en,2006-02-24,36.921445,27000000,56308881,110.0,7.4,1323,Released,2006.0
Miss Potter,Drama|Family|Romance,en,2006-12-03,8.386432,30000000,35078241,92.0,6.3,141,Released,2006.0
Mission: Impossible III,Adventure|Action|Thriller,en,2006-05-03,63.079003,150000000,397850012,126.0,6.5,2028,Released,2006.0
Monster House,Animation|Comedy|Family|Fantasy,en,2006-07-21,36.368839,75000000,140175006,91.0,6.3,874,Released,2006.0
Old Joy,Drama,en,2006-01-01,1.673208,300000,0,73.0,6.3,36,Released,2006.0
One to Another,Drama,fr,2006-07-21,4.665026,0,0,95.0,5.8,12,Released,2006.0
Over the Hedge,Comedy|Animation|Family,en,2006-04-22,36.32705,80000000,343397247,83.0,6.3,1074,Released,2006.0
Pirates of the Caribbean: Dead Man's Chest,Adventure|Fantasy|Action,en,2006-06-20,145.847379,200000000,1065659812,151.0,7.0,5246,Released,2006.0
Renaissance,Action|Animation|Science Fiction,fr,2006-03-16,9.244181,18000000,1831348,105.0,6.7,77,Released,2006.0
Rescue Dawn,Adventure|Drama|War,en,2006-09-09,17.078656,10000000,7177143,126.0,6.9,336,Released,2006.0
Saw III,Horror|Thriller|Crime,en,2006-10-27,33.124871,10000000,163876815,108.0,6.1,1071,Released,2006.0
School for Scoundrels,Comedy|Drama|Romance,en,2006-09-29,8.244324,20000000,17807569,100.0,5.6,111,Released,2006.0
Scott Walker: 30 Century Man,Documentary|Music,en,2006-10-31,0.607782,0,0,95.0,7.0,8,Released,2006.0
Severance,Horror|Comedy|Thriller,en,2006-05-19,12.898984,0,0,96.0,6.4,169,Released,2006.0
Shortbus,Romance|Drama|Comedy,en,2006-05-20,14.846001,2000000,5179037,101.0,6.3,140,Released,2006.0
Snakes on a Plane,Action|Crime|Horror|Thriller,en,2006-08-06,19.642328,33000000,62022014,105.0,5.1,497,Released,2006.0
Southland Tales,Action|Adventure|Comedy|Drama|Science Fiction|Thriller,en,2006-05-15,9.349386,17000000,374743,144.0,5.2,153,Released,2006.0
Take the Lead,Music,en,2006-03-17,8.999675,30000000,34742066,108.0,6.6,162,Released,2006.0
The Benchwarmers,Comedy,en,2006-04-07,6.74556,0,0,80.0,5.2,242,Released,2006.0
The Departed,Drama|Thriller|Crime,en,2006-10-05,63.429157,90000000,289847354,151.0,7.9,4339,Released,2006.0
The Illusionist,Fantasy|Drama|Thriller|Romance,en,2006-08-18,36.960953,40000000,86915017,110.0,7.1,1615,Released,2006.0
The Lives of Others,Drama|Thriller,de,2006-03-15,34.938177,2000000,70000000,137.0,7.9,958,Released,2006.0
The Marine,Action|Adventure|Drama|Thriller,en,2006-10-13,7.679336,20000000,22165608,92.0,5.0,163,Released,2006.0
The Namesake,Drama,en,2006-09-02,3.604863,12000000,20138836,122.0,6.8,50,Released,2006.0
The Pet,Drama|Thriller,en,2006-05-17,1.284741,0,0,94.0,5.3,3,Released,2006.0
The Texas Chainsaw Massacre: The Beginning,Horror,en,2006-10-06,21.380635,16000000,0,91.0,5.9,402,Released,2006.0
The Ultimate Gift,Romance|Drama|Family,en,2006-10-20,4.976268,0,0,114.0,6.8,78,Released,2006.0
X-Men: The Last Stand,Adventure|Action|Science Fiction|Thriller,en,2006-05-24,3.857526,210000000,459359555,104.0,6.3,3525,Released,2006.0
"You, Me and Dupree",Comedy|Romance,en,2006-07-14,18.600367,54000000,130431368,108.0,5.4,407,Released,2006.0
28 Weeks Later,Horror|Thriller|Science Fiction,en,2007-04-26,34.759855,15000000,64238440,100.0,6.5,1197,Released,2007.0
3:10 to Yuma,Western,en,2007-09-06,48.801089,55000000,70016220,122.0,6.9,1188,Released,2007.0
A Dog's Breakfast,Comedy,en,2007-03-03,2.213889,120000,0,88.0,5.9,24,Released,2007.0
Aliens vs Predator: Requiem,Fantasy|Action|Science Fiction|Thriller|Horror,en,2007-12-25,39.381913,40000000,41797066,94.0,4.9,740,Released,2007.0
Alvin and the Chipmunks,Comedy|Music|Family|Fantasy|Animation,en,2007-12-13,47.336034,60000000,361366633,92.0,5.5,1177,Released,2007.0
Aqua Teen Hunger Force Colon Movie Film for Theaters,Animation|Comedy,en,2007-04-13,1.453146,0,0,86.0,6.5,35,Released,2007.0
Atonement,Drama|Romance,en,2007-08-29,33.369305,30000000,129266061,123.0,7.4,1049,Released,2007.0
August Rush,Drama,en,2007-11-21,29.533437,25000000,66122026,114.0,7.1,797,Released,2007.0
Beowulf,Adventure|Action|Animation,en,2007-11-05,35.601665,70000000,195735876,115.0,5.5,841,Released,2007.0
Diary of the Dead,Horror|Action|Science Fiction,en,2007-09-08,15.351412,2000000,5364858,95.0,5.4,190,Released,2007.0
Evan Almighty,Fantasy|Comedy|Family,en,2007-06-09,27.082182,175000000,173000000,96.0,5.3,1151,Released,2007.0
Funny Games,Horror|Thriller|Crime,en,2007-10-20,15.175289,15000000,7938872,112.0,6.3,545,Released,2007.0
Gracie,Drama,en,2007-06-01,2.365328,9000000,2955039,97.0,6.0,17,Released,2007.0
Harry Potter and the Order of the Phoenix,Adventure|Fantasy|Family|Mystery,en,2007-06-28,78.144395,150000000,938212738,138.0,7.4,5494,Released,2007.0
Hostel: Part II,Horror,en,2007-06-08,20.745052,10200000,35619521,93.0,5.6,453,Released,2007.0
Kiss the Bride,Drama|Comedy|Romance,en,2007-01-01,1.65426,0,0,100.0,4.2,11,Released,2007.0
Moliere,Romance|Drama|Comedy,fr,2007-01-31,4.61335,0,0,115.0,6.7,45,Released,2007.0
Mr. Bean's Holiday,Family|Comedy,en,2007-03-22,27.683874,25000000,229736344,90.0,6.1,663,Released,2007.0
No Reservations,Comedy,en,2007-07-25,15.794946,28000000,92601050,104.0,6.1,327,Released,2007.0
P.S. I Love You,Drama|Romance,en,2007-11-15,29.489274,30000000,156835339,126.0,6.9,977,Released,2007.0
Rendition,Drama|Thriller,en,2007-09-07,12.741073,27500000,24748670,120.0,6.2,205,Released,2007.0
"Run, Fatboy, Run",Comedy|Romance,en,2007-09-06,14.905357,10000000,33000000,100.0,6.2,238,Released,2007.0
Shotgun Stories,Drama|Thriller,en,2007-10-01,5.251143,0,0,92.0,6.9,57,Released,2007.0
Sicko,Documentary,en,2007-05-18,14.098952,9000000,24538513,123.0,7.3,235,Released,2007.0
Sublime,Horror|Thriller,en,2007-06-15,6.833164,0,0,113.0,5.3,33,Released,2007.0
Surf's Up,Animation|Comedy|Family,en,2007-06-08,23.230851,85000000,149044513,85.0,5.9,601,Released,2007.0
Ta Ra Rum Pum,Family|Comedy|Romance,hi,2007-04-27,0.553752,0,0,156.0,6.0,13,Released,2007.0
Taxi to the Dark Side,Documentary,en,2007-04-30,0.748565,1000000,274661,106.0,6.6,53,Released,2007.0
The Bourne Ultimatum,Action|Drama|Mystery|Thriller,en,2007-08-03,45.381501,70000000,442824138,115.0,7.3,2888,Released,2007.0
The Bucket List,Drama|Comedy,en,2007-12-25,31.305336,45000000,175372502,97.0,7.0,1111,Released,2007.0
The Company,Drama,en,2007-08-05,1.485324,0,0,276.0,7.0,12,Released,2007.0
The Diving Bell and the Butterfly,Drama,fr,2007-05-22,13.65494,14000000,19777647,112.0,7.4,283,Released,2007.0
The Game Plan,Comedy|Family,en,2007-09-28,20.699212,22000000,147880543,110.0,6.0,428,Released,2007.0
The Golden Compass,Adventure|Fantasy,en,2007-12-04,42.990906,180000000,372234864,113.0,5.8,1303,Released,2007.0
The Good Night,Comedy|Drama|Romance|Fantasy|Music,en,2007-01-25,12.185204,15000000,20380,93.0,5.7,41,Released,2007.0
The Kite Runner,Drama,en,2007-10-14,10.446722,20000000,73276047,128.0,7.3,394,Released,2007.0
The Man from Earth,Science Fiction|Drama,en,2007-06-10,31.339015,0,0,87.0,7.7,687,Released,2007.0
The Orphanage,Horror|Drama|Thriller,es,2007-08-27,29.071955,0,44000000,105.0,7.1,633,Released,2007.0
The Savages,Drama,en,2007-01-19,5.663889,0,0,114.0,6.8,110,Released,2007.0
Timber Falls,Horror|Thriller,en,2007-12-07,3.687574,2600000,0,97.0,5.2,38,Released,2007.0
Transformers,Adventure|Science Fiction|Action,en,2007-06-27,25.468493,150000000,709709780,144.0,6.6,4040,Released,2007.0
U2 3D,Music|Documentary,en,2007-05-19,0.335195,15000000,22730842,85.0,6.7,10,Released,2007.0
Virgin Territory,Adventure|Action|Comedy|Romance,en,2007-12-17,6.760922,38000000,5410749,93.0,4.3,75,Released,2007.0
We Own the Night,Drama|Crime|Thriller,en,2007-05-25,14.518708,21000000,54926886,117.0,6.5,323,Released,2007.0
Wild Hogs,Action|Adventure|Comedy,en,2007-03-02,31.719463,0,253625427,100.0,5.6,648,Released,2007.0
An American Carol,Comedy|Fantasy,en,2008-10-03,2.605374,20000000,7000000,83.0,4.1,20,Released,2008.0
Australia,Drama,en,2008-11-18,28.840997,130000000,49554002,165.0,6.3,694,Released,2008.0
Baby Mama,Comedy,en,2008-04-23,11.409124,30000000,63833449,99.0,5.8,205,Released,2008.0
Bedtime Stories,Fantasy|Comedy|Family|Romance,en,2008-12-24,23.531721,80000000,212874442,99.0,5.9,901,Released,2008.0
Beverly Hills Chihuahua,Adventure|Comedy|Family,en,2008-10-03,12.25264,20000000,149281606,91.0,4.9,209,Released,2008.0
City of Ember,Adventure|Family|Fantasy,en,2008-10-07,23.465539,55000000,17869048,90.0,6.2,605,Released,2008.0
Dolphins and Whales: Tribes of the Ocean,Documentary,en,2008-02-15,0.041651,6000000,7518876,42.0,8.0,3,Released,2008.0
Dragon Hunters,Animation|Family,fr,2008-03-19,8.884405,15000000,0,80.0,6.5,129,Released,2008.0
Flame & Citron,Crime|Drama|History|War,da,2008-03-25,7.028946,6500000,0,130.0,6.8,68,Released,2008.0
Flash of Genius,Drama,en,2008-09-07,3.350297,0,0,119.0,6.3,59,Released,2008.0
Fool's Gold,Romance|Comedy|Adventure,en,2008-02-07,21.789615,70000000,111231041,112.0,5.4,444,Released,2008.0
In Bruges,Comedy|Drama|Crime,en,2008-02-08,25.329493,15000000,34533783,107.0,7.4,1388,Released,2008.0
Iron Man,Action|Science Fiction|Adventure,en,2008-04-30,120.725053,140000000,585174222,126.0,7.4,8776,Released,2008.0
Mad Money,Action|Comedy|Crime,en,2008-01-17,6.847133,0,0,104.0,5.9,140,Released,2008.0
Madagascar: Escape 2 Africa,Family|Animation,en,2008-10-30,44.141021,150000000,603900354,89.0,6.2,1810,Released,2008.0
Max Payne,Action,en,2008-10-15,25.903237,35000000,85416905,100.0,5.2,613,Released,2008.0
Repo! The Genetic Opera,Horror|Comedy|Music|Science Fiction,en,2008-07-18,5.897479,0,188126,98.0,6.7,100,Released,2008.0
Slumdog Millionaire,Drama|Romance,en,2008-05-12,59.258969,15000000,377910544,120.0,7.6,2827,Released,2008.0
Snow Angels,Drama|Romance,en,2008-03-07,4.262374,0,414404,106.0,6.5,48,Released,2008.0
Stop-Loss,Drama|War,en,2008-03-28,4.002579,25000000,11207130,113.0,6.1,82,Released,2008.0
"Synecdoche, New York",Drama,en,2008-10-24,12.761176,21000000,0,124.0,7.4,278,Released,2008.0
The Children of Huang Shi,Drama|War,zh,2008-07-03,8.978408,40000000,7400000,125.0,6.5,52,Released,2008.0
The Class,Drama,fr,2008-09-24,13.437038,0,28814580,128.0,6.8,174,Released,2008.0
The Cottage,Horror|Comedy|Crime|Thriller,en,2008-02-07,8.39685,0,0,92.0,6.3,80,Released,2008.0
The Curious Case of Benjamin Button,Fantasy|Drama|Thriller|Mystery|Romance,en,2008-11-24,60.269279,150000000,333932083,166.0,7.3,3292,Released,2008.0
The Eye,Drama|Horror|Thriller,en,2008-02-01,11.135734,12000000,56309766,98.0,5.5,281,Released,2008.0
The Inhabited Island,Action|Fantasy|Science Fiction|Thriller,ru,2008-12-18,2.785832,36500000,21834845,115.0,5.3,23,Released,2008.0
The Lucky Ones,Comedy|Drama|History,en,2008-09-26,8.747922,0,0,113.0,6.3,55,Released,2008.0
The Secret Life of Bees,Adventure,en,2008-09-17,7.645979,11000000,38105395,114.0,7.4,158,Released,2008.0
The Tale of Despereaux,Adventure|Animation|Family,en,2008-12-19,16.493576,60000000,50877145,93.0,5.8,258,Released,2008.0
The Wackness,Drama,en,2008-07-03,7.161051,6000000,2899975,99.0,6.2,94,Released,2008.0
The Wave,Drama|Thriller,de,2008-03-11,25.281197,7500000,19000000,107.0,7.5,841,Released,2008.0
The X Files: I Want to Believe,Drama|Mystery|Science Fiction|Thriller,en,2008-07-24,25.454549,30000000,68369434,104.0,5.5,523,Released,2008.0
Three Kingdoms: Resurrection of the Dragon,Action|History|Drama,en,2008-04-03,4.127155,0,0,102.0,6.6,35,Released,2008.0
Train,Horror|Thriller,en,2008-10-16,3.280081,0,0,94.0,4.8,36,Released,2008.0
Untraceable,Drama,en,2008-01-22,12.677505,35000000,32483410,101.0,5.9,238,Released,2008.0
W.,Drama|History,en,2008-10-17,10.445391,25100000,29506464,131.0,6.1,143,Released,2008.0
Waltz with Bashir,Drama|Animation|War,he,2008-06-25,14.08251,2000000,11125849,90.0,7.8,291,Released,2008.0
"War, Inc.",Action|Adventure|Comedy|Thriller,en,2008-04-28,6.265659,5000000,1296184,106.0,5.6,86,Released,2008.0
Welcome to the Sticks,Comedy,fr,2008-01-09,18.923181,11000000,53191886,106.0,6.8,615,Released,2008.0
9,Action|Adventure|Animation|Science Fiction|Thriller,en,2009-08-19,55.806402,30000000,48428063,79.0,6.6,1262,Released,2009.0
A Shine of Rainbows,Drama|Family,en,2009-10-01,12.099486,6000000,0,101.0,6.3,14,Released,2009.0
"A Woman, a Gun and a Noodle Shop",Comedy|Drama|Thriller,zh,2009-12-11,1.416796,0,0,95.0,4.8,13,Released,2009.0
Adventureland,Comedy,en,2009-04-03,19.978021,9500000,17164377,107.0,6.4,737,Released,2009.0
All About Steve,Comedy,en,2009-09-04,13.237835,15000000,40105542,99.0,4.7,295,Released,2009.0
An Education,Drama|Romance,en,2009-10-29,16.990308,7500000,26096852,100.0,6.8,409,Released,2009.0
Bandslam,Comedy|Drama|Family|Music,en,2009-08-06,7.716606,20000000,5210988,111.0,5.4,126,Released,2009.0
Bran Nue Dae,Comedy|Drama|Foreign|Romance,en,2009-08-09,0.050456,7,7,82.0,5.2,6,Released,2009.0
Brooklyn's Finest,Crime|Drama|Thriller,en,2009-01-16,18.790102,17000000,29536299,133.0,6.2,293,Released,2009.0
Brüno,Comedy,en,2009-07-08,16.122168,42000000,0,83.0,5.4,518,Released,2009.0
Chicago Overcoat,Action|Crime|Thriller,en,2009-10-10,1.034844,3200000,0,95.0,6.1,5,Released,2009.0
Couples Retreat,Comedy|Romance,en,2009-09-19,26.676487,70000000,171844840,113.0,5.3,588,Released,2009.0
Dance Flick,Action|Comedy|Music,en,2009-05-22,7.326034,0,0,83.0,4.7,71,Released,2009.0
Dead Like Me: Life After Death,Drama|Fantasy|Comedy,en,2009-02-17,7.864905,0,0,87.0,5.8,65,Released,2009.0
Exam,Thriller|Mystery,en,2009-06-19,20.265518,0,0,101.0,6.6,523,Released,2009.0
Extract,Comedy,en,2009-09-03,14.652342,8000000,10848783,92.0,5.7,192,Released,2009.0
Gamer,Action|Thriller|Science Fiction,en,2009-09-03,27.631262,50000000,40828540,95.0,5.6,760,Released,2009.0
Harry Potter and the Half-Blood Prince,Adventure|Fantasy|Family,en,2009-07-07,98.885637,250000000,933959197,153.0,7.4,5293,Released,2009.0
He's Just Not That Into You,Comedy|Romance|Drama,en,2009-02-06,26.253357,40000000,177259441,129.0,6.2,959,Released,2009.0
I Can Do Bad All By Myself,Drama|Comedy,en,2009-09-11,2.242809,0,0,113.0,6.0,40,Released,2009.0
Law Abiding Citizen,Drama|Crime|Thriller,en,2009-10-15,49.593978,53000000,126690726,109.0,7.2,1486,Released,2009.0
Miss March,Comedy|Romance,en,2009-03-13,9.371534,0,0,89.0,5.4,77,Released,2009.0
Mother and Child,Drama|Romance,en,2009-11-07,5.517597,7000000,0,125.0,6.7,46,Released,2009.0
My Sister's Keeper,Drama,en,2009-06-26,24.09152,30000000,95714875,109.0,7.1,598,Released,2009.0
Not Easily Broken,Drama|Romance,en,2009-01-09,5.1299,0,0,99.0,6.3,9,Released,2009.0
Precious,Drama,en,2009-11-06,18.664624,10000000,47536959,110.0,6.9,417,Released,2009.0
Race to Witch Mountain,Adventure|Family|Fantasy|Science Fiction|Thriller|Action,en,2009-03-12,23.935053,50000000,106303988,98.0,5.5,509,Released,2009.0
Rampage,Action|Drama|Crime|Thriller,en,2009-08-14,7.101197,0,0,85.0,6.0,131,Released,2009.0
Sherlock Holmes,Action|Adventure|Crime|Mystery,en,2009-12-23,57.834787,90000000,524028679,128.0,7.0,5766,Released,2009.0
Sorority Row,Horror|Mystery|Thriller,en,2009-09-09,8.780512,12500000,27206120,101.0,5.4,177,Released,2009.0
Starsuckers,Documentary|Foreign,en,2009-09-30,0.429083,0,0,103.0,6.2,5,Released,2009.0
Street Fighter: The Legend of Chun-Li,Action|Adventure|Science Fiction|Thriller,en,2009-02-27,8.139676,50000000,12764201,97.0,3.9,112,Released,2009.0
Taking Woodstock,Music|Comedy|Drama,en,2009-09-03,11.870161,0,0,120.0,6.2,127,Released,2009.0
Terminator Salvation,Action|Science Fiction|Thriller,en,2009-05-20,71.862892,200000000,371353001,115.0,5.9,2463,Released,2009.0
The Blind Side,Drama,en,2009-11-20,25.767395,29000000,309208309,129.0,7.2,1597,Released,2009.0
The Cry of the Owl,Drama,en,2009-02-07,4.75919,11500000,0,101.0,5.5,29,Released,2009.0
The Fourth Kind,Mystery|Science Fiction|Thriller,en,2009-11-06,22.888173,10000000,42333295,98.0,5.8,441,Released,2009.0
"The Goods: Live Hard, Sell Hard",Comedy,en,2009-08-14,3.352702,10000000,0,90.0,5.4,58,Released,2009.0
The Informant!,Drama|Comedy|Crime,en,2009-09-18,17.772518,22000000,35424826,108.0,6.0,301,Released,2009.0
The Open Road,Comedy|Drama|Romance,en,2009-02-07,1.388136,0,0,90.0,4.8,19,Released,2009.0
The Soloist,Drama,en,2009-04-24,17.299333,60000000,31720158,109.0,6.6,234,Released,2009.0
Tidal Wave,Action|Adventure|Drama|Thriller,ko,2009-06-06,4.628525,16000000,11301649,120.0,6.5,48,Released,2009.0
Veronika Decides to Die,Drama|Romance,en,2009-05-16,4.799022,9000000,0,103.0,5.8,75,Released,2009.0
Whatever Works,Comedy|Romance,en,2009-06-19,21.857387,15000000,35097815,92.0,6.8,350,Released,2009.0
Whiteout,Action|Crime|Mystery|Thriller,en,2009-09-09,14.818718,40000000,12206028,101.0,5.3,220,Released,2009.0
Wild Grass,Drama|Romance,fr,2009-05-20,1.866443,0,0,104.0,5.8,22,Released,2009.0
X-Men Origins: Wolverine,Adventure|Action|Thriller|Science Fiction,en,2009-04-28,5.954334,150000000,373062864,107.0,6.2,4021,Released,2009.0
8: The Mormon Proposition,Documentary,en,2010-01-01,0.424957,0,0,80.0,5.5,6,Released,2010.0
A Turtle's Tale: Sammy's Adventures,Animation|Family,en,2010-08-03,15.805449,0,0,88.0,5.6,151,Released,2010.0
After.Life,Drama|Horror|Mystery|Thriller,en,2010-04-09,14.570359,4500000,3606395,104.0,5.4,251,Released,2010.0
Beneath Hill 60,Drama|History|War,en,2010-04-15,3.949796,7347125,0,122.0,7.3,40,Released,2010.0
Blue Valentine,Drama|Romance,en,2010-12-27,26.881611,3500000,16566240,112.0,6.9,890,Released,2010.0
Charlie St. Cloud,Drama,en,2010-05-01,21.75433,44000000,48190704,99.0,6.8,566,Released,2010.0
Country Strong,Drama|Romance,en,2010-12-22,7.809701,15000000,20529194,117.0,5.9,80,Released,2010.0
Don't Be Afraid of the Dark,Fantasy|Horror|Thriller,en,2010-11-06,14.562197,25000000,36993168,99.0,5.4,341,Released,2010.0
Everything Must Go,Comedy|Drama|Romance,en,2010-10-15,9.169411,5000000,2614773,97.0,6.0,208,Released,2010.0
Four Lions,Comedy|Crime|Drama,en,2010-05-07,20.544999,967686,4270000,101.0,7.0,423,Released,2010.0
From Paris with Love,Action|Crime|Thriller,en,2010-02-05,27.916284,52000000,52826594,92.0,6.1,675,Released,2010.0
Get Low,Comedy|Drama|Mystery,en,2010-01-22,6.557643,7500000,0,103.0,6.5,100,Released,2010.0
Gulliver's Travels,Comedy,en,2010-12-25,22.845143,112000000,237382724,85.0,4.9,621,Released,2010.0
I Spit on Your Grave,Thriller|Crime|Horror,en,2010-06-17,26.281839,2000000,572809,108.0,6.3,519,Released,2010.0
Inception,Action|Thriller|Science Fiction|Mystery|Adventure,en,2010-07-14,167.58371,160000000,825532764,148.0,8.1,13752,Released,2010.0
Iron Man 2,Adventure|Action|Science Fiction,en,2010-04-28,77.300194,200000000,623933331,124.0,6.6,6849,Released,2010.0
Jackass 3D,Comedy|Documentary|Action,en,2010-10-15,20.99174,20000000,117224271,94.0,6.4,428,Released,2010.0
Jonah Hex,Action|Western|Drama|Fantasy|Thriller,en,2010-06-18,22.581313,47000000,10539000,80.0,4.4,420,Released,2010.0
Killers,Action|Comedy|Thriller|Romance,en,2010-06-04,23.004607,75000000,98159963,100.0,5.7,772,Released,2010.0
Knight and Day,Action|Comedy,en,2010-06-15,44.906918,117000000,261930431,109.0,5.9,1547,Released,2010.0
Legion,Horror,en,2010-01-21,30.981604,26000000,67918658,100.0,5.2,629,Released,2010.0
Letters to God,Action|Drama|Family|Thriller,en,2010-04-09,3.644872,0,0,110.0,6.5,37,Released,2010.0
Letters to Juliet,Comedy|Drama|Romance,en,2010-05-14,16.52083,30000000,0,105.0,6.6,796,Released,2010.0
Megamind,Animation|Action|Comedy|Family|Science Fiction,en,2010-10-28,68.757242,130000000,321887208,95.0,6.7,1918,Released,2010.0
Morning Glory,Comedy|Drama|Romance,en,2010-01-12,22.491388,40000000,58785180,102.0,6.1,412,Released,2010.0
Nanny McPhee and the Big Bang,Comedy|Fantasy,en,2010-03-26,23.835055,35000000,93246388,109.0,6.0,436,Released,2010.0
Of Gods and Men,Drama|History,fr,2010-05-18,4.992475,4000000,41424067,120.0,6.5,91,Released,2010.0
Paranormal Activity 2,Horror|Thriller,en,2010-10-20,22.789649,3000000,177512032,91.0,5.7,722,Released,2010.0
Predators,Action|Science Fiction|Adventure|Thriller,en,2010-07-03,47.649554,40000000,126248813,107.0,6.0,1206,Released,2010.0
Rabbit Hole,Drama,en,2010-12-16,10.095184,5000000,5129058,91.0,6.9,165,Released,2010.0
Rubber,Comedy|Drama|Fantasy|Horror|Mystery,en,2010-07-09,9.108949,500000,98017,85.0,5.7,251,Released,2010.0
Salt,Action|Mystery|Thriller,en,2010-07-21,48.829437,110000000,293329073,100.0,6.2,2093,Released,2010.0
Sarah's Key,Drama|War,fr,2010-09-16,10.072199,10000000,17511906,111.0,7.2,196,Released,2010.0
Super,Comedy|Action|Drama,en,2010-09-09,12.204569,2500000,324138,96.0,6.6,441,Released,2010.0
Super Hybrid,Horror,en,2010-01-01,4.009379,13000000,0,95.0,4.6,24,Released,2010.0
Takers,Action|Crime|Drama|Thriller,en,2010-08-26,18.47242,32000000,69055695,107.0,6.0,394,Released,2010.0
The Bounty Hunter,Action,en,2010-03-16,33.747825,40000000,136000000,110.0,5.5,858,Released,2010.0
The Chronicles of Narnia: The Voyage of the Dawn Treader,Adventure|Family|Fantasy,en,2010-08-13,49.661984,155000000,415686217,113.0,6.2,1514,Released,2010.0
The Debt,Drama|Thriller,en,2010-04-11,14.857884,20000000,45636368,113.0,6.3,257,Released,2010.0
The Kids Are All Right,Comedy|Drama,en,2010-07-09,15.338211,3500000,34705850,106.0,6.5,506,Released,2010.0
The Switch,Comedy|Romance|Drama,en,2010-05-11,27.494037,19000000,49830607,101.0,5.9,583,Released,2010.0
The Wolfman,Drama|Horror|Thriller,en,2010-02-11,21.214571,150000000,0,102.0,5.5,549,Released,2010.0
Welcome to the Rileys,Drama,en,2010-10-29,6.085879,0,42145,110.0,6.4,139,Released,2010.0
Wild Target,Action|Comedy,en,2010-06-17,10.791954,8000000,3453043,98.0,6.4,215,Released,2010.0
Winter's Bone,Drama,en,2010-06-11,20.834883,2000000,13831503,100.0,6.8,565,Released,2010.0
1911,Adventure|Drama|Action|History|War,zh,2011-07-03,4.065212,30000000,108348,125.0,5.0,41,Released,2011.0
A Better Life,Drama,en,2011-06-24,4.123533,10000000,1759252,98.0,7.0,54,Released,2011.0
A Dangerous Method,Drama|Thriller,en,2011-09-30,27.133277,15000000,27462041,99.0,6.2,571,Released,2011.0
Battle: Los Angeles,Action|Science Fiction,en,2011-03-08,49.199234,70000000,202466756,116.0,5.5,1448,Released,2011.0
"Big Mommas: Like Father, Like Son",Crime|Comedy|Action,en,2011-02-16,15.901137,32000000,83615414,107.0,5.3,313,Released,2011.0
Bridesmaids,Comedy|Romance,en,2011-04-28,17.107065,32500000,288383523,125.0,6.5,1661,Released,2011.0
Bucky Larson: Born to Be a Star,Comedy,en,2011-09-09,3.919057,10000000,0,97.0,4.4,51,Released,2011.0
Cedar Rapids,Comedy,en,2011-02-11,10.254807,0,6861102,87.0,5.9,135,Released,2011.0
Circumstance,Drama,fa,2011-08-26,2.34239,0,0,107.0,7.4,23,Released,2011.0
Coriolanus,Drama|Thriller,en,2011-02-14,7.554799,7700000,1072602,123.0,5.9,131,Released,2011.0
Dum Maaro Dum,Drama|Action|Crime|Foreign,hi,2011-04-22,0.075817,0,0,130.0,5.4,7,Released,2011.0
Ghost Rider: Spirit of Vengeance,Action|Fantasy|Thriller,en,2011-12-10,48.622278,57000000,149217355,95.0,4.7,1135,Released,2011.0
Go for It!,Drama|Family,en,2011-05-13,0.500753,2450000,0,105.0,4.6,5,Released,2011.0
Grave Encounters,Thriller|Horror,en,2011-09-09,13.222268,1000000,0,92.0,6.1,381,Released,2011.0
Hobo with a Shotgun,Action|Comedy|Thriller,en,2011-05-06,16.900433,3000000,748453,86.0,5.7,211,Released,2011.0
Hugo,Adventure|Drama|Family,en,2011-11-22,32.319043,170000000,185770160,126.0,7.0,2141,Released,2011.0
Justin Bieber: Never Say Never,Documentary|Music|Family,en,2011-02-11,6.735922,13000000,98441954,105.0,4.8,154,Released,2011.0
Larry Crowne,Comedy|Romance|Drama,en,2011-06-30,20.355458,30000000,36160375,98.0,5.7,359,Released,2011.0
Like Crazy,Drama|Romance,en,2011-10-28,21.825564,250000,3542353,90.0,6.4,381,Released,2011.0
Martha Marcy May Marlene,Drama|Thriller,en,2011-10-21,17.806082,0,3538446,101.0,6.7,277,Released,2011.0
Melancholia,Drama|Science Fiction,da,2011-05-26,36.173598,7400000,21817298,136.0,7.0,885,Released,2011.0
Mooz-lum,Drama,en,2011-02-11,0.414754,0,330048,95.0,4.5,3,Released,2011.0
Newlyweds,Comedy|Romance,en,2011-12-26,0.642552,9000,0,85.0,5.9,5,Released,2011.0
Paranormal Activity 3,Horror,en,2011-10-19,29.15813,5000000,205703818,83.0,5.9,669,Released,2011.0
Pirates of the Caribbean: On Stranger Tides,Adventure|Action|Fantasy,en,2011-05-14,135.413856,380000000,1045713802,136.0,6.4,4948,Released,2011.0
Samsara,Drama|Documentary,en,2011-09-16,12.781973,4000000,0,102.0,8.0,167,Released,2011.0
Sherlock Holmes: A Game of Shadows,Adventure|Action|Crime|Mystery,en,2011-11-22,81.499621,125000000,334615000,129.0,7.0,3886,Released,2011.0
Source Code,Thriller|Science Fiction|Mystery,en,2011-03-30,59.19888,32000000,147332697,93.0,7.1,2699,Released,2011.0
The Artist,Drama|Comedy|Romance,en,2011-05-15,29.943316,15000000,133432856,100.0,7.3,1049,Released,2011.0
The Awakening,Horror|Thriller,en,2011-08-17,25.30216,4798235,209696,107.0,6.3,458,Released,2011.0
The Beaver,Drama,en,2011-02-11,13.847872,21000000,970816,91.0,6.3,276,Released,2011.0
The FP,Comedy,en,2011-03-13,0.838957,0,0,82.0,4.5,11,Released,2011.0
The Girl with the Dragon Tattoo,Thriller|Crime|Mystery|Drama,en,2011-12-14,47.651083,90000000,232617430,158.0,7.2,2434,Released,2011.0
The Green Hornet,Action|Crime|Comedy,en,2011-01-12,31.703608,120000000,227817248,119.0,5.5,1251,Released,2011.0
The Hit List,Action|Thriller,en,2011-04-02,4.957014,6000000,0,90.0,5.2,73,Released,2011.0
The Ides of March,Drama,en,2011-09-24,20.317469,12500000,75993061,101.0,6.5,910,Released,2011.0
The Innkeepers,Horror|Thriller,en,2011-12-01,14.386807,750000,78396,102.0,5.4,219,Released,2011.0
The Legend of Hell's Gate: An American Conspiracy,Action|Adventure|History|Western,en,2011-03-03,1.002585,0,0,108.0,3.9,8,Released,2011.0
The Mechanic,Action|Thriller|Crime,en,2011-01-13,44.094856,40000000,51070807,93.0,6.3,1045,Released,2011.0
The Smurfs,Animation|Family|Adventure|Comedy|Fantasy,en,2011-07-29,36.65422,110000000,563749323,103.0,5.5,1179,Released,2011.0
Warrior,Action|Drama,en,2011-09-09,51.915025,25000000,23057115,140.0,7.7,1272,Released,2011.0
What's Your Number?,Comedy|Romance,en,2011-09-30,19.220789,20000000,30426096,106.0,6.2,671,Released,2011.0
Winnie the Pooh,Animation|Family,en,2011-04-13,19.143721,30000000,14460000,63.0,6.8,258,Released,2011.0
Your Sister's Sister,Drama|Comedy,en,2011-09-11,12.833247,125000,3200000,90.0,6.5,137,Released,2011.0
American Reunion,Comedy,en,2012-04-04,39.920035,50000000,234989584,113.0,6.1,1611,Released,2012.0
Bachelorette,Comedy|Romance,en,2012-08-06,20.95282,3000000,11947954,87.0,5.3,444,Released,2012.0
Beasts of the Southern Wild,Drama|Fantasy,en,2012-06-29,12.471239,1800000,21107746,93.0,6.8,403,Released,2012.0
Chernobyl Diaries,Horror|Thriller,en,2012-05-24,20.649145,0,18112929,88.0,4.9,483,Released,2012.0
Damsels in Distress,Comedy|Romance,en,2012-04-06,3.750338,0,0,99.0,5.6,67,Released,2012.0
Darling Companion,Drama|Romance,en,2012-04-20,2.303865,0,0,103.0,5.3,22,Released,2012.0
Detention of the Dead,Comedy|Horror,en,2012-04-27,2.391847,500000,0,87.0,4.5,34,Released,2012.0
Django Unchained,Drama|Western,en,2012-12-25,82.121691,100000000,425368238,165.0,7.8,10099,Released,2012.0
Dredd,Action|Science Fiction,en,2012-09-07,57.673932,50000000,41037742,95.0,6.6,1940,Released,2012.0
Dysfunctional Friends,Comedy|Romance,en,2012-02-03,0.21544,1800000,0,101.0,5.0,4,Released,2012.0
For Greater Glory - The True Story of Cristiada,History|Drama,en,2012-06-01,5.759545,12000000,9622846,145.0,6.4,35,Released,2012.0
Freaky Deaky,Comedy,en,2012-04-22,4.448353,0,0,90.0,4.9,18,Released,2012.0
House at the End of the Street,Horror|Thriller,en,2012-09-21,25.613197,6900000,44287131,101.0,5.6,555,Released,2012.0
Jab Tak Hai Jaan,Drama|Romance,hi,2012-11-13,5.900535,0,0,176.0,7.3,66,Released,2012.0
Journey 2: The Mysterious Island,Adventure|Action|Science Fiction,en,2012-01-19,40.723459,79000000,355692760,94.0,5.8,1030,Released,2012.0
Khiladi 786,Action|Comedy,en,2012-12-07,0.114342,0,126,139.0,4.7,11,Released,2012.0
Lincoln,History|Drama,en,2012-11-09,36.307296,65000000,275293450,149.0,6.7,1429,Released,2012.0
Looper,Action|Thriller|Science Fiction,en,2012-09-26,46.377628,30000000,47042000,118.0,6.6,4697,Released,2012.0
Mirror Mirror,Adventure|Fantasy|Drama|Comedy|Science Fiction|Family,en,2012-03-15,48.126297,85000000,183018522,106.0,5.5,1114,Released,2012.0
Outside Bet,Comedy,en,2012-04-27,0.086731,7500000,0,101.0,5.8,2,Released,2012.0
Pitch Perfect,Comedy|Music|Romance,en,2012-09-28,32.746486,17000000,115350426,112.0,7.3,2247,Released,2012.0
Project X,Comedy|Crime,en,2012-03-01,49.070321,12000000,100000000,88.0,6.5,1564,Released,2012.0
Prometheus,Science Fiction|Adventure|Mystery,en,2012-05-30,68.889395,130000000,403170142,124.0,6.3,5080,Released,2012.0
Red Tails,Drama|Action|Adventure|History|War,en,2012-01-19,12.29603,58000000,50365377,125.0,5.9,178,Released,2012.0
Resident Evil: Retribution,Action|Horror|Science Fiction,en,2012-09-12,6.227675,65000000,240159255,95.0,5.6,1600,Released,2012.0
Rock of Ages,Comedy|Drama|Music|Romance,en,2012-06-13,23.515938,75000000,59418613,123.0,6.0,385,Released,2012.0
Savages,Crime|Drama|Thriller,en,2012-07-06,31.856589,45000000,82966152,131.0,6.2,766,Released,2012.0
Sinister,Horror|Thriller|Mystery,en,2012-03-29,41.045084,3000000,77712439,110.0,6.7,1573,Released,2012.0
Skyfall,Action|Adventure|Thriller,en,2012-10-25,93.004993,200000000,1108561013,143.0,6.9,7604,Released,2012.0
Snow White and the Huntsman,Adventure|Fantasy|Drama,en,2012-05-30,77.178973,170000000,396600000,127.0,5.8,3118,Released,2012.0
Sparkle,Drama|Music,en,2012-08-17,2.698185,14000000,24637469,116.0,5.8,36,Released,2012.0
Supercapitalist,Thriller,en,2012-08-10,0.174311,0,0,103.0,3.5,2,Released,2012.0
That's My Boy,Comedy,en,2012-06-14,21.723897,70000000,58058367,116.0,5.5,453,Released,2012.0
The Cold Light of Day,Action|Thriller,en,2012-04-04,15.131867,20000000,16863583,93.0,4.8,271,Released,2012.0
The Expendables 2,Action|Adventure|Thriller,en,2012-08-08,53.732892,100000000,312573423,103.0,6.1,2896,Released,2012.0
The Helpers,Horror,en,2012-10-27,1.390659,4000000,0,78.0,4.1,8,Released,2012.0
The Hunger Games,Science Fiction|Adventure|Fantasy,en,2012-03-12,68.550698,75000000,691210692,142.0,6.9,9455,Released,2012.0
The Lords of Salem,Horror|Thriller,en,2012-09-10,14.504326,1500000,1165882,101.0,5.1,242,Released,2012.0
The Man with the Iron Fists,Action,en,2012-11-02,17.672021,15000000,15608545,96.0,5.2,358,Released,2012.0
The Master,Drama,en,2012-09-07,25.682509,32000000,28258060,137.0,7.0,701,Released,2012.0
The Possession,Horror|Thriller,en,2012-08-30,21.680424,14000000,85446075,92.0,5.8,498,Released,2012.0
The Watch,Comedy,en,2012-07-26,39.395881,68000000,68267862,98.0,5.3,881,Released,2012.0
The Woman in Black,Drama|Horror|Thriller,en,2012-02-01,43.675191,17000000,127730736,95.0,6.1,1206,Released,2012.0
Tim and Eric's Billion Dollar Movie,Comedy,en,2012-03-02,1.75311,0,0,94.0,5.2,34,Released,2012.0
Vessel,Horror|Science Fiction,en,2012-10-28,0.322553,0,0,14.0,5.9,8,Released,2012.0
Wanderlust,Comedy,en,2012-02-23,20.908494,35000000,24159934,98.0,5.3,394,Released,2012.0
When the Lights Went Out,Thriller|Drama|Horror,en,2012-01-31,2.805351,0,0,86.0,5.8,49,Released,2012.0
Wrath of the Titans,Adventure,en,2012-03-27,44.927635,150000000,301000000,99.0,5.5,1431,Released,2012.0
Zambezia,Comedy|Animation|Adventure|Family,en,2012-06-05,14.182301,20000000,0,83.0,5.3,68,Released,2012.0
12 Years a Slave,Drama|History,en,2013-10-18,95.9229,20000000,187000000,134.0,7.9,3674,Released,2013.0
42,Drama,en,2013-04-12,31.884559,40000000,95020213,128.0,6.8,787,Released,2013.0
47 Ronin,Drama|Action|Adventure|Fantasy,en,2013-12-06,41.796339,175000000,150962475,119.0,5.9,1326,Released,2013.0
Bending Steel,Documentary,en,2013-04-20,0.048726,0,0,93.0,5.0,1,Released,2013.0
Cinco de Mayo: La Batalla,War|History|Drama,es,2013-05-03,0.072085,10000000,0,125.0,5.8,14,Released,2013.0
Closer to the Moon,Comedy|Drama,en,2013-11-29,9.159265,9000000,0,112.0,6.4,13,Released,2013.0
Dead Man Down,Thriller|Action|Crime|Drama,en,2013-03-08,29.647844,0,18074539,118.0,5.9,638,Released,2013.0
Escape from Planet Earth,Animation|Comedy|Adventure|Family|Science Fiction,en,2013-02-14,18.14218,40000000,74597643,89.0,5.7,332,Released,2013.0
Faith Connections,Documentary|Drama,hi,2013-11-21,0.48088,550000,0,115.0,4.2,3,Released,2013.0
Frances Ha,Comedy|Drama,en,2013-05-17,15.492257,0,4069826,86.0,7.2,345,Released,2013.0
G.I. Joe: Retaliation,Adventure|Action|Science Fiction|Thriller,en,2013-03-26,59.325589,130000000,371876278,110.0,5.4,3025,Released,2013.0
Gravity,Science Fiction|Thriller|Drama,en,2013-09-27,110.153618,105000000,716392705,91.0,7.3,5751,Released,2013.0
Hansel & Gretel: Witch Hunters,Fantasy|Horror|Action,en,2013-01-17,53.02787,50000000,224803475,88.0,5.7,3239,Released,2013.0
Hansel and Gretel Get Baked,Horror|Comedy,en,2013-02-19,2.503612,4500000,0,86.0,4.8,67,Released,2013.0
Home Run,Drama,en,2013-04-19,3.085411,1200000,2861020,114.0,6.3,24,Released,2013.0
Independence Daysaster,Action|Science Fiction,en,2013-06-27,1.959405,1800000,0,86.0,4.2,22,Released,2013.0
Khumba,Animation|Adventure|Family,en,2013-07-18,6.459787,20000000,27187375,85.0,5.8,72,Released,2013.0
Kick-Ass 2,Action|Adventure|Crime,en,2013-07-17,40.28635,28000000,60700000,103.0,6.3,2224,Released,2013.0
Labor Day,Drama,en,2013-12-27,17.683563,18000000,20275812,111.0,6.7,299,Released,2013.0
Legends of Oz: Dorothy's Return,Animation|Music|Family,en,2013-06-13,6.682006,70000000,18662027,88.0,5.9,43,Released,2013.0
Lone Survivor,Action|Drama|Thriller|War,en,2013-12-24,37.084384,40000000,149295601,121.0,7.4,1526,Released,2013.0
Machete Kills,Action|Crime|Thriller,en,2013-09-12,29.072964,12000000,15008161,107.0,5.3,631,Released,2013.0
Movie 43,Comedy,en,2013-01-01,35.350303,6000000,32438988,90.0,4.4,797,Released,2013.0
Only God Forgives,Drama|Thriller|Crime,en,2013-05-30,35.754865,4800000,10337387,90.0,5.6,862,Released,2013.0
Open Road,Action|Drama|Thriller,en,2013-04-12,2.680629,3000000,0,85.0,5.2,18,Released,2013.0
Out of Inferno,Action,cn,2013-03-10,1.583918,0,0,107.0,5.8,11,Released,2013.0
Pacific Rim,Action|Science Fiction|Adventure,en,2013-07-11,56.523205,180000000,407602906,131.0,6.7,4794,Released,2013.0
Philomena,Drama,en,2013-11-01,29.019504,12000000,100129872,98.0,7.4,579,Released,2013.0
R.I.P.D.,Fantasy|Action|Comedy|Crime,en,2013-07-18,39.448066,130000000,61648500,96.0,5.4,1260,Released,2013.0
R100,Comedy|Drama,ja,2013-10-05,3.21392,5500000,0,100.0,5.4,31,Released,2013.0
Roadside,Horror|Drama,en,2013-03-01,0.160234,0,0,90.0,4.2,5,Released,2013.0
Side Effects,Thriller|Crime|Drama,en,2013-02-07,48.237797,30000000,63372757,106.0,6.4,1323,Released,2013.0
"Signed, Sealed, Delivered",Comedy|Drama|Romance|TV Movie,en,2013-10-13,1.444476,0,0,120.0,7.0,6,Released,2013.0
The Big Wedding,Comedy,en,2013-04-25,18.84332,35000000,21819348,90.0,5.7,414,Released,2013.0
The Butler,Drama,en,2013-08-16,32.105328,25000000,115922175,132.0,7.2,1101,Released,2013.0
The Internship,Comedy,en,2013-06-07,1.551497,58000000,44000000,119.0,6.1,1658,Released,2013.0
The Way Way Back,Comedy|Drama,en,2013-06-06,32.14444,4600000,23198652,103.0,7.1,688,Released,2013.0
The Wolf of Wall Street,Crime|Drama|Comedy,en,2013-12-25,95.007934,100000000,392000694,180.0,7.9,6571,Released,2013.0
The World's End,Comedy|Action|Science Fiction,en,2013-07-18,55.964605,20000000,46089287,109.0,6.7,1778,Released,2013.0
The Young and Prodigious T.S. Spivet,Adventure|Drama|Family,en,2013-10-16,10.651202,33000000,9494789,105.0,6.7,232,Released,2013.0
This Is Martin Bonner,Drama,en,2013-06-28,0.76368,0,0,83.0,6.6,4,Released,2013.0
This Is the End,Action|Comedy,en,2013-06-12,38.21708,32000000,126041322,107.0,6.3,2359,Released,2013.0
Turbo,Animation|Family,en,2013-07-11,44.765377,135000000,282570682,96.0,6.1,1074,Released,2013.0
World War Z,Action|Drama|Horror|Science Fiction|Thriller,en,2013-06-20,81.834855,200000000,531865000,116.0,6.7,5560,Released,2013.0
Zombie Hunter,Comedy|Action|Science Fiction|Thriller,en,2013-07-25,3.418372,0,0,93.0,3.5,34,Released,2013.0
Zulu,Crime|Drama|Thriller,en,2013-12-04,14.529496,16000000,0,110.0,6.7,172,Released,2013.0
22 Jump Street,Crime|Comedy|Action,en,2014-06-05,52.380982,50000000,188441614,112.0,7.0,3319,Released,2014.0
A Million Ways to Die in the West,Comedy|Western,en,2014-05-22,32.808675,0,0,116.0,5.8,1468,Released,2014.0
A Most Violent Year,Crime|Drama|Thriller,en,2014-12-30,37.629309,20000000,12007070,125.0,6.5,546,Released,2014.0
A Most Wanted Man,Thriller,en,2014-07-25,26.708193,15000000,31554855,121.0,6.5,541,Released,2014.0
American Sniper,War|Action,en,2014-12-11,87.53437,58800000,542307423,133.0,7.4,4469,Released,2014.0
Blue Ruin,Crime|Thriller,en,2014-04-25,25.349758,0,258384,90.0,6.9,462,Released,2014.0
Brick Mansions,Action|Crime|Drama,en,2014-04-22,25.520976,28000000,68896829,90.0,5.7,615,Released,2014.0
Da Sweet Blood of Jesus,Thriller|Comedy|Romance,en,2014-06-22,4.480579,0,0,123.0,4.1,13,Released,2014.0
Dawn of the Crescent Moon,Thriller|Drama|Science Fiction,en,2014-04-05,0.049469,0,0,95.0,2.0,1,Released,2014.0
Doc Holliday's Revenge,Western,en,2014-06-01,0.4594,1000000,0,84.0,3.2,3,Released,2014.0
Dolphin Tale 2,Family|Drama,en,2014-09-12,6.967857,36000000,52424533,107.0,6.7,96,Released,2014.0
Dracula Untold,Horror|Action|Drama|Fantasy|War,en,2014-10-01,64.457947,70000000,215529201,92.0,6.2,2389,Released,2014.0
Dying of the Light,Thriller|Drama,en,2014-12-04,10.48009,15000000,0,94.0,4.5,118,Released,2014.0
Exodus: Gods and Kings,Adventure|Drama|Action,en,2014-12-03,101.599427,140000000,268031828,150.0,5.6,1921,Released,2014.0
Gone Girl,Mystery|Thriller|Drama,en,2014-10-01,143.041543,61000000,369330363,145.0,7.9,5862,Released,2014.0
Horrible Bosses 2,Comedy,en,2014-11-26,82.185281,42000000,107670357,108.0,6.1,1536,Released,2014.0
If I Stay,Drama,en,2014-08-21,31.162838,11000000,78874843,106.0,7.3,1368,Released,2014.0
Interstellar,Adventure|Drama|Science Fiction,en,2014-11-05,724.247784,165000000,675120017,169.0,8.1,10867,Released,2014.0
Left Behind,Thriller|Action|Science Fiction,en,2014-10-03,33.452469,16000000,19682924,110.0,3.7,392,Released,2014.0
Let's Be Cops,Comedy,en,2014-08-13,70.668923,17000000,136621271,104.0,6.4,1219,Released,2014.0
Let's Kill Ward's Wife,Comedy,en,2014-12-23,8.496364,5000000,0,81.0,5.5,76,Released,2014.0
Locker 13,Horror|Drama|Thriller,en,2014-03-29,1.905197,0,0,90.0,6.8,3,Released,2014.0
Mr. Peabody & Sherman,Animation|Adventure|Family,en,2014-02-07,38.73494,145000000,272912430,92.0,6.7,843,Released,2014.0
Mr. Turner,History|Drama,en,2014-10-31,9.242554,0,5405500,150.0,6.3,204,Released,2014.0
Paddington,Family|Comedy,en,2014-11-27,39.882276,55000000,259207227,95.0,7.0,883,Released,2014.0
Penguins of Madagascar,Family|Animation|Adventure|Comedy,en,2014-11-22,84.366984,132000000,373552094,92.0,6.5,1346,Released,2014.0
Ramanujan,Drama|History,ta,2014-07-11,0.416179,0,0,170.0,5.0,3,Released,2014.0
Red Sky,Action|Thriller,en,2014-03-12,3.344158,25000000,0,100.0,4.1,26,Released,2014.0
Sex Tape,Comedy,en,2014-07-17,72.641296,40000000,126069509,97.0,5.3,1695,Released,2014.0
Something Wicked,Mystery|Thriller,en,2014-04-04,1.968679,3000000,0,95.0,4.6,16,Released,2014.0
Song One,Drama,en,2014-01-20,6.349218,6000000,32251,86.0,5.5,87,Released,2014.0
Teenage Mutant Ninja Turtles,Science Fiction|Action|Adventure|Fantasy|Comedy,en,2014-08-07,143.350376,125000000,477200000,101.0,5.8,2636,Released,2014.0
That Awkward Moment,Comedy|Romance,en,2014-01-29,37.821106,8000000,26049082,94.0,6.1,1004,Released,2014.0
The Boxtrolls,Animation|Comedy|Family|Fantasy,en,2014-09-10,30.656345,60000000,108255770,97.0,6.6,668,Released,2014.0
The Face of an Angel,Thriller|Drama,en,2014-09-06,7.336256,0,0,100.0,4.7,64,Released,2014.0
The Fault in Our Stars,Romance|Drama,en,2014-05-16,74.358971,12000000,307166834,125.0,7.6,3759,Released,2014.0
The Giver,Drama|Science Fiction,en,2014-08-11,53.811461,25000000,66980456,94.0,6.4,1798,Released,2014.0
The Green Inferno,Action|Adventure|Horror|Thriller,en,2014-09-04,17.845161,5000000,6833445,100.0,5.0,349,Released,2014.0
The Hobbit: The Battle of the Five Armies,Action|Adventure|Fantasy,en,2014-12-10,120.965743,250000000,956019788,144.0,7.1,4760,Released,2014.0
The Imitation Game,History|Drama|Thriller|War,en,2014-11-14,145.364591,14000000,233555708,113.0,8.0,5723,Released,2014.0
The Last Five Years,Comedy|Drama|Music|Romance,en,2014-11-03,5.563068,0,0,94.0,5.5,143,Released,2014.0
The Monuments Men,War|Drama|History|Action,en,2014-01-24,43.873266,70000000,154984035,118.0,5.8,1523,Released,2014.0
The Prince,Thriller|Action,en,2014-08-22,21.638673,18000000,266586800,93.0,4.6,218,Released,2014.0
Think Like a Man Too,Comedy|Romance,en,2014-06-20,15.237142,24000000,70181428,105.0,6.4,225,Released,2014.0
Top Spin,Documentary,en,2014-11-15,0.523122,0,0,80.0,6.8,6,Released,2014.0
Unbroken,Drama|War,en,2014-12-25,43.055253,65000000,163442937,137.0,7.3,1400,Released,2014.0
Wicked Blood,Action|Drama|Thriller,en,2014-03-04,3.158056,3500000,0,92.0,5.3,37,Released,2014.0
Wild,Drama,en,2014-12-05,42.952942,15000000,52501541,115.0,7.0,951,Released,2014.0
Winter's Tale,Drama|Fantasy|Mystery|Romance,en,2014-02-13,22.736038,60000000,30800231,118.0,6.0,487,Released,2014.0
Z Storm,Crime|Thriller,cn,2014-06-19,0.542814,0,0,92.0,5.8,5,Released,2014.0
#Horror,Drama|Mystery|Horror|Thriller,de,2015-11-20,2.815228,1500000,0,90.0,3.3,52,Released,2015.0
90 Minutes in Heaven,Drama,en,2015-09-11,3.943706,5000000,4842699,121.0,5.4,40,Released,2015.0
Abandoned,Drama|Thriller,en,2015-08-30,3.068463,0,0,82.0,5.8,27,Released,2015.0
American Hero,Action|Comedy|Science Fiction,en,2015-12-11,5.023091,0,0,86.0,5.0,62,Released,2015.0
Black Mass,Crime|Drama,en,2015-09-04,46.049902,53000000,98837872,122.0,6.3,1242,Released,2015.0
Captive,Crime|Drama|Thriller,en,2015-09-17,6.728882,2000000,2801508,97.0,5.6,92,Released,2015.0
Freeheld,Romance|Drama,en,2015-10-02,8.184588,7000000,573335,103.0,7.1,164,Released,2015.0
Home,Fantasy|Comedy|Animation|Science Fiction|Family,en,2015-03-18,63.473086,135000000,368871007,94.0,6.8,1519,Released,2015.0
It Follows,Horror|Thriller,en,2015-02-04,100.876794,2000000,14674076,100.0,6.6,1832,Released,2015.0
Jupiter Ascending,Science Fiction|Fantasy|Action|Adventure,en,2015-02-04,85.36908,176000003,183987723,124.0,5.2,2768,Released,2015.0
Legend,Crime|Thriller,en,2015-09-09,32.854557,25000000,42972994,131.0,6.7,973,Released,2015.0
Little Boy,Comedy|Drama|War,en,2015-04-23,12.232048,20000000,6420319,106.0,7.0,185,Released,2015.0
"McFarland, USA",Drama,en,2015-02-20,14.023082,0,45710059,128.0,7.4,213,Released,2015.0
Mission: Impossible - Rogue Nation,Action|Adventure|Thriller,en,2015-07-23,114.522237,150000000,682330139,131.0,7.1,3224,Released,2015.0
My All American,Drama,en,2015-11-13,3.102987,20000000,0,118.0,6.8,36,Released,2015.0
Paul Blart: Mall Cop 2,Action|Comedy|Family,en,2015-04-16,41.258487,38000000,107597242,94.0,5.0,567,Released,2015.0
Point Break,Action|Crime|Thriller,en,2015-12-03,33.507289,105000000,133718711,114.0,5.5,783,Released,2015.0
Pound of Flesh,Action,en,2015-05-07,4.943588,7500000,0,104.0,5.5,63,Released,2015.0
Reality Show,,en,2015-01-01,0.472123,0,0,92.0,5.5,2,Released,2015.0
"Run, Hide, Die",Thriller|Horror,en,2015-09-01,0.595809,50000,0,75.0,3.5,2,Released,2015.0
Secret in Their Eyes,Crime|Drama|Mystery,en,2015-10-14,15.012237,19500000,34854990,111.0,6.2,336,Released,2015.0
Spotlight,Drama|Thriller|History,en,2015-11-06,41.503588,20000000,88346473,128.0,7.8,2686,Released,2015.0
Stung,Comedy|Horror,de,2015-07-03,4.270489,2500000,0,87.0,4.9,63,Released,2015.0
The DUFF,Romance|Comedy,en,2015-02-20,40.28709,8500000,43528634,100.0,6.8,1322,Released,2015.0
The Last Witch Hunter,Fantasy|Action|Adventure,en,2015-10-21,52.612025,90000000,146936910,106.0,5.7,1316,Released,2015.0
The Little Prince,Adventure|Animation|Fantasy,en,2015-07-29,35.384423,64000000,97571250,92.0,7.6,756,Released,2015.0
The Martian,Drama|Adventure|Science Fiction,en,2015-09-30,167.93287,108000000,630161890,141.0,7.6,7268,Released,2015.0
The Wicked Within,Horror,en,2015-10-16,1.906151,0,0,91.0,4.2,26,Released,2015.0
Trainwreck,Comedy,en,2015-07-17,72.774941,35000000,140795793,125.0,5.9,1181,Released,2015.0
Unnatural,Thriller|Action|Horror,en,2015-10-16,0.687656,0,0,89.0,4.3,12,Released,2015.0
Vacation,Comedy,en,2015-07-28,47.753598,31000000,104384188,99.0,6.2,1195,Released,2015.0
While We're Young,Comedy|Drama|Mystery,en,2015-04-03,19.263477,10000000,7587485,97.0,5.8,383,Released,2015.0
Wild Card,Thriller|Crime|Drama,en,2015-01-14,48.0343,30000000,0,92.0,5.4,656,Released,2015.0
10 Cloverfield Lane,Thriller|Science Fiction|Drama,en,2016-03-10,53.698683,15000000,108286421,103.0,6.8,2468,Released,2016.0
Cabin Fever,Horror,en,2016-02-12,5.379319,0,0,99.0,4.4,111,Released,2016.0
Captain America: Civil War,Adventure|Action|Science Fiction,en,2016-04-27,198.372395,250000000,1153304495,147.0,7.1,7241,Released,2016.0
Departure,Drama|Romance|Family,en,2016-05-20,0.42583,0,0,109.0,7.5,12,Released,2016.0
Dirty Grandpa,Comedy,en,2016-01-21,56.805781,11500000,94073028,102.0,5.7,1406,Released,2016.0
Kicks,Adventure,en,2016-09-09,3.467923,0,0,80.0,7.5,18,Released,2016.0
Kung Fu Panda 3,Action|Adventure|Animation|Comedy|Family,en,2016-01-23,56.747978,145000000,521170825,95.0,6.7,1603,Released,2016.0
Me Before You,Drama|Romance,en,2016-06-02,53.161905,20000000,207945075,110.0,7.6,2562,Released,2016.0
Pete's Dragon,Adventure|Family|Fantasy,en,2016-08-10,31.974359,65000000,143695338,102.0,6.2,679,Released,2016.0
Ride Along 2,Action|Comedy,en,2016-01-14,25.136082,40000000,124827316,102.0,6.1,555,Released,2016.0
The BFG,Adventure|Family|Fantasy,en,2016-06-01,44.19092,140000000,183345589,120.0,6.0,1000,Released,2016.0
The Country Doctor,Drama|Comedy,fr,2016-03-23,2.651304,0,0,102.0,6.0,63,Released,2016.0
The Finest Hours,Action|Drama|History|Thriller,en,2016-01-25,28.223664,80000000,52099090,114.0,6.3,588,Released,2016.0
The Perfect Match,Comedy|Romance,en,2016-03-11,3.810827,0,0,96.0,5.2,42,Released,2016.0
The Purge: Election Year,Action|Horror|Thriller,en,2016-06-29,53.727146,10000000,118587880,105.0,6.1,1306,Released,2016.0
The Veil,Horror,en,2016-04-21,12.822534,4000000,0,93.0,4.5,118,Released,2016.0
Two Lovers and a Bear,Drama|Romance,en,2016-10-02,3.139294,0,0,96.0,6.8,27,Released,2016.0
The Robe,Drama,en,1953-09-16,4.028875,4100000,36000000,135.0,6.4,42,Released,1953.0
